# Rhino

mtllib gallery2.mtl
g window_door
o window
usemtl diffuse_200_0_0_255
v -600.1690673828125 550 -1210.17578125
v -600.1690673828125 550 -1200.17578125
v -600.1690673828125 350 -1210.17578125
v -600.1690673828125 350 -1200.17578125
v 599.8309326171875 350 -1210.17578125
v 599.8309326171875 350 -1200.17578125
v 599.8309326171875 550 -1210.17578125
v 599.8309326171875 550 -1200.17578125
v 480.3309326171875 355 -1210.17578125
v 480.3309326171875 355 -1200.17578125
v 480.3309326171875 545 -1210.17578125
v 480.3309326171875 545 -1200.17578125
v 594.8309326171875 545 -1210.17578125
v 594.8309326171875 545 -1200.17578125
v 594.8309326171875 355 -1210.17578125
v 594.8309326171875 355 -1200.17578125
v -480.6690673828125 355 -1210.17578125
v -480.6690673828125 355 -1200.17578125
v -595.1690673828125 355 -1210.17578125
v -595.1690673828125 355 -1200.17578125
v -595.1690673828125 545 -1210.17578125
v -595.1690673828125 545 -1200.17578125
v -480.6690673828125 545 -1210.17578125
v -480.6690673828125 545 -1200.17578125
v -241.66905212402344 545 -1210.17578125
v -241.66905212402344 545 -1200.17578125
v -241.66905212402344 355 -1210.17578125
v -241.66905212402344 355 -1200.17578125
v -356.1690673828125 355 -1210.17578125
v -356.1690673828125 355 -1200.17578125
v -356.1690673828125 545 -1210.17578125
v -356.1690673828125 545 -1200.17578125
v 236.33094787597656 355 -1210.17578125
v 236.33094787597656 355 -1200.17578125
v 121.83094787597656 355 -1210.17578125
v 121.83094787597656 355 -1200.17578125
v 121.83094787597656 545 -1210.17578125
v 121.83094787597656 545 -1200.17578125
v 236.33094787597656 545 -1210.17578125
v 236.33094787597656 545 -1200.17578125
v 360.8309326171875 355 -1210.17578125
v 360.8309326171875 355 -1200.17578125
v 360.8309326171875 545 -1210.17578125
v 360.8309326171875 545 -1200.17578125
v 475.3309326171875 545 -1210.17578125
v 475.3309326171875 545 -1200.17578125
v 475.3309326171875 355 -1210.17578125
v 475.3309326171875 355 -1200.17578125
v -122.16905212402344 355 -1210.17578125
v -122.16905212402344 355 -1200.17578125
v -236.66905212402344 355 -1210.17578125
v -236.66905212402344 355 -1200.17578125
v -236.66905212402344 545 -1210.17578125
v -236.66905212402344 545 -1200.17578125
v -122.16905212402344 545 -1210.17578125
v -122.16905212402344 545 -1200.17578125
v 355.8309326171875 355 -1210.17578125
v 355.8309326171875 355 -1200.17578125
v 241.33094787597656 355 -1210.17578125
v 241.33094787597656 355 -1200.17578125
v 241.33094787597656 545 -1210.17578125
v 241.33094787597656 545 -1200.17578125
v 355.8309326171875 545 -1210.17578125
v 355.8309326171875 545 -1200.17578125
v -475.6690673828125 545 -1210.17578125
v -475.6690673828125 545 -1200.17578125
v -361.1690673828125 545 -1210.17578125
v -361.1690673828125 545 -1200.17578125
v -361.1690673828125 355 -1210.17578125
v -361.1690673828125 355 -1200.17578125
v -475.6690673828125 355 -1210.17578125
v -475.6690673828125 355 -1200.17578125
v -117.16905212402344 355 -1210.17578125
v -117.16905212402344 355 -1200.17578125
v -117.16905212402344 545 -1210.17578125
v -117.16905212402344 545 -1200.17578125
v -2.6690554618835449 545 -1210.17578125
v -2.6690554618835449 545 -1200.17578125
v -2.6690554618835449 355 -1210.17578125
v -2.6690554618835449 355 -1200.17578125
v 2.3309445381164551 545 -1210.17578125
v 2.3309445381164551 545 -1200.17578125
v 116.83094787597656 545 -1210.17578125
v 116.83094787597656 545 -1200.17578125
v 116.83094787597656 355 -1210.17578125
v 116.83094787597656 355 -1200.17578125
v 2.3309445381164551 355 -1210.17578125
v 2.3309445381164551 355 -1200.17578125
vt 0 0
vt 0 0.51219487190246582
vt 0.022497188299894333 0
vt 0.022497188299894333 0.51219487190246582
vt 0.022497188299894333 0
vt 0.022497188299894333 0.51219487190246582
vt 0.15748031437397003 0
vt 0.15748031437397003 0.51219487190246582
vt 0.15748031437397003 0
vt 0.15748031437397003 0.51219487190246582
vt 0.17997750639915466 0
vt 0.17997750639915466 0.51219487190246582
vt 0.17997750639915466 0
vt 0.17997750639915466 0.51219487190246582
vt 0.31496062874794006 0
vt 0.31496062874794006 0.51219487190246582
vt 0.31496062874794006 0
vt 0.31496062874794006 0.51219487190246582
vt 0.33633294701576233 0
vt 0.33633294701576233 0.51219487190246582
vt 0.33633294701576233 0
vt 0.33633294701576233 0.51219487190246582
vt 0.34921258687973022 0
vt 0.34921258687973022 0.51219487190246582
vt 0.34921258687973022 0
vt 0.34921258687973022 0.51219487190246582
vt 0.37058493494987488 0
vt 0.37058493494987488 0.51219487190246582
vt 0.37058493494987488 0
vt 0.37058493494987488 0.51219487190246582
vt 0.38346457481384277 0
vt 0.38346457481384277 0.51219487190246582
vt 0.38346457481384277 0
vt 0.38346457481384277 0.51219487190246582
vt 0.39634421467781067 0
vt 0.39634421467781067 0.51219487190246582
vt 0.39634421467781067 0
vt 0.39634421467781067 0.51219487190246582
vt 0.41771653294563293 0
vt 0.41771653294563293 0.51219487190246582
vt 0.41771653294563293 0
vt 0.41771653294563293 0.51219487190246582
vt 0.43059617280960083 0
vt 0.43059617280960083 0.51219487190246582
vt 0.43059617280960083 0
vt 0.43059617280960083 0.51219487190246582
vt 0.4519684910774231 0
vt 0.4519684910774231 0.51219487190246582
vt 0.4519684910774231 0
vt 0.4519684910774231 0.51219487190246582
vt 0.47334083914756775 0
vt 0.47334083914756775 0.51219487190246582
vt 0.47334083914756775 0
vt 0.47334083914756775 0.51219487190246582
vt 0.48622047901153564 0
vt 0.48622047901153564 0.51219487190246582
vt 0.48622047901153564 0
vt 0.48622047901153564 0.51219487190246582
vt 0.50759279727935791 0
vt 0.50759279727935791 0.51219487190246582
vt 0.50759279727935791 0
vt 0.50759279727935791 0.51219487190246582
vt 0.52047246694564819 0
vt 0.52047246694564819 0.51219487190246582
vt 0.52047246694564819 0
vt 0.52047246694564819 0.51219487190246582
vt 0.5333520770072937 0
vt 0.5333520770072937 0.51219487190246582
vt 0.5333520770072937 0
vt 0.5333520770072937 0.51219487190246582
vt 0.55472439527511597 0
vt 0.55472439527511597 0.51219487190246582
vt 0.55472439527511597 0
vt 0.55472439527511597 0.51219487190246582
vt 0.56760406494140625 0
vt 0.56760406494140625 0.51219487190246582
vt 0.56760406494140625 0
vt 0.56760406494140625 0.51219487190246582
vt 0.58897638320922852 0
vt 0.58897638320922852 0.51219487190246582
vt 0.58897638320922852 0
vt 0.58897638320922852 0.51219487190246582
vt 0.61034870147705078 0
vt 0.61034870147705078 0.51219487190246582
vt 0.61034870147705078 0
vt 0.61034870147705078 0.51219487190246582
vt 0.62322837114334106 0
vt 0.62322837114334106 0.51219487190246582
vt 0.62322837114334106 0
vt 0.62322837114334106 0.51219487190246582
vt 0.64460068941116333 0
vt 0.64460068941116333 0.51219487190246582
vt 0.64460068941116333 0
vt 0.64460068941116333 0.51219487190246582
vt 0.65748029947280884 0
vt 0.65748029947280884 0.51219487190246582
vt 0.65748029947280884 0
vt 0.65748029947280884 0.51219487190246582
vt 0.67035996913909912 0
vt 0.67035996913909912 0.51219487190246582
vt 0.67035996913909912 0
vt 0.67035996913909912 0.51219487190246582
vt 0.69173228740692139 0
vt 0.69173228740692139 0.51219487190246582
vt 0.69173228740692139 0
vt 0.69173228740692139 0.51219487190246582
vt 0.70461189746856689 0
vt 0.70461189746856689 0.51219487190246582
vt 0.70461189746856689 0
vt 0.70461189746856689 0.51219487190246582
vt 0.72598427534103394 0
vt 0.72598427534103394 0.51219487190246582
vt 0.72598427534103394 0
vt 0.72598427534103394 0.51219487190246582
vt 0.73886388540267944 0
vt 0.73886388540267944 0.51219487190246582
vt 0.73886388540267944 0
vt 0.73886388540267944 0.51219487190246582
vt 0.76023620367050171 0
vt 0.76023620367050171 0.51219487190246582
vt 0.76023620367050171 0
vt 0.76023620367050171 0.51219487190246582
vt 0.77311587333679199 0
vt 0.77311587333679199 0.51219487190246582
vt 0.77311587333679199 0
vt 0.77311587333679199 0.51219487190246582
vt 0.79448819160461426 0
vt 0.79448819160461426 0.51219487190246582
vt 0.79448819160461426 0
vt 0.79448819160461426 0.51219487190246582
vt 0.80736780166625977 0
vt 0.80736780166625977 0.51219487190246582
vt 0.80736780166625977 0
vt 0.80736780166625977 0.51219487190246582
vt 0.82874017953872681 0
vt 0.82874017953872681 0.51219487190246582
vt 0.82874017953872681 0
vt 0.82874017953872681 0.51219487190246582
vt 0.84161978960037231 0
vt 0.84161978960037231 0.51219487190246582
vt 0.84161978960037231 0
vt 0.84161978960037231 0.51219487190246582
vt 0.86299210786819458 0
vt 0.86299210786819458 0.51219487190246582
vt 0.86299210786819458 0
vt 0.86299210786819458 0.51219487190246582
vt 0.88436442613601685 0
vt 0.88436442613601685 0.51219487190246582
vt 0.88436442613601685 0
vt 0.88436442613601685 0.51219487190246582
vt 0.89724409580230713 0
vt 0.89724409580230713 0.51219487190246582
vt 0.89724409580230713 0
vt 0.89724409580230713 0.51219487190246582
vt 0.91861641407012939 0
vt 0.91861641407012939 0.51219487190246582
vt 0.91861641407012939 0
vt 0.91861641407012939 0.51219487190246582
vt 0.93149608373641968 0
vt 0.93149608373641968 0.51219487190246582
vt 0.93149608373641968 0
vt 0.93149608373641968 0.51219487190246582
vt 0.94437569379806519 0
vt 0.94437569379806519 0.51219487190246582
vt 0.94437569379806519 0
vt 0.94437569379806519 0.51219487190246582
vt 0.96574801206588745 0
vt 0.96574801206588745 0.51219487190246582
vt 0.96574801206588745 0
vt 0.96574801206588745 0.51219487190246582
vt 0.97862768173217773 0
vt 0.97862768173217773 0.51219487190246582
vt 0.97862768173217773 0
vt 0.97862768173217773 0.51219487190246582
vt 1 0
vt 1 0.51219487190246582
vt 0.1349831223487854 1
vt 0.1349831223487854 0.51219534873962402
vt 0 0.51219534873962402
vt 0 1
vt 0.013442069292068481 0.52439045906066895
vt 0.013442069292068481 0.98780488967895508
vt 0.0005624297191388905 0.98780488967895508
vt 0.0005624297191388905 0.52439045906066895
vt 0.12154106050729752 0.52439045906066895
vt 0.13442069292068481 0.52439045906066895
vt 0.13442069292068481 0.98780488967895508
vt 0.12154106050729752 0.98780488967895508
vt 0.094656914472579956 0.98780488967895508
vt 0.094656914472579956 0.52439045906066895
vt 0.10753655433654785 0.52439045906066895
vt 0.10753655433654785 0.98780488967895508
vt 0.04088863730430603 0.52439045906066895
vt 0.053768277168273926 0.52439045906066895
vt 0.053768277168273926 0.98780488967895508
vt 0.04088863730430603 0.98780488967895508
vt 0.026884138584136963 0.52439045906066895
vt 0.026884138584136963 0.98780488967895508
vt 0.014004499651491642 0.98780488967895508
vt 0.014004499651491642 0.52439045906066895
vt 0.081214845180511475 0.52439045906066895
vt 0.09409448504447937 0.52439045906066895
vt 0.09409448504447937 0.98780488967895508
vt 0.081214845180511475 0.98780488967895508
vt 0.027446569874882698 0.52439045906066895
vt 0.040326207876205444 0.52439045906066895
vt 0.040326207876205444 0.98780488967895508
vt 0.027446569874882698 0.98780488967895508
vt 0.12097863107919693 0.98780488967895508
vt 0.10809899121522903 0.98780488967895508
vt 0.10809899121522903 0.52439045906066895
vt 0.12097863107919693 0.52439045906066895
vt 0.080652415752410889 0.52439045906066895
vt 0.080652415752410889 0.98780488967895508
vt 0.067772775888442993 0.98780488967895508
vt 0.067772775888442993 0.52439045906066895
vt 0.067210346460342407 0.98780488967895508
vt 0.05433071032166481 0.98780488967895508
vt 0.05433071032166481 0.52439045906066895
vt 0.067210346460342407 0.52439045906066895
vt 0.1349831223487854 0.51219534873962402
vt 0.1349831223487854 1
vt 0 1
vt 0 0.51219534873962402
vt 0.013442069292068481 0.98780488967895508
vt 0.013442069292068481 0.52439045906066895
vt 0.0005624297191388905 0.52439045906066895
vt 0.0005624297191388905 0.98780488967895508
vt 0.12154106050729752 0.98780488967895508
vt 0.13442069292068481 0.98780488967895508
vt 0.13442069292068481 0.52439045906066895
vt 0.12154106050729752 0.52439045906066895
vt 0.094656914472579956 0.52439045906066895
vt 0.094656914472579956 0.98780488967895508
vt 0.10753655433654785 0.98780488967895508
vt 0.10753655433654785 0.52439045906066895
vt 0.04088863730430603 0.98780488967895508
vt 0.053768277168273926 0.98780488967895508
vt 0.053768277168273926 0.52439045906066895
vt 0.04088863730430603 0.52439045906066895
vt 0.026884138584136963 0.98780488967895508
vt 0.026884138584136963 0.52439045906066895
vt 0.014004499651491642 0.52439045906066895
vt 0.014004499651491642 0.98780488967895508
vt 0.081214845180511475 0.98780488967895508
vt 0.09409448504447937 0.98780488967895508
vt 0.09409448504447937 0.52439045906066895
vt 0.081214845180511475 0.52439045906066895
vt 0.027446569874882698 0.98780488967895508
vt 0.040326207876205444 0.98780488967895508
vt 0.040326207876205444 0.52439045906066895
vt 0.027446569874882698 0.52439045906066895
vt 0.12097863107919693 0.52439045906066895
vt 0.10809899121522903 0.52439045906066895
vt 0.10809899121522903 0.98780488967895508
vt 0.12097863107919693 0.98780488967895508
vt 0.080652415752410889 0.98780488967895508
vt 0.080652415752410889 0.52439045906066895
vt 0.067772775888442993 0.52439045906066895
vt 0.067772775888442993 0.98780488967895508
vt 0.067210346460342407 0.52439045906066895
vt 0.05433071032166481 0.52439045906066895
vt 0.05433071032166481 0.98780488967895508
vt 0.067210346460342407 0.98780488967895508
vn -1 0 0
vn -1 0 0
vn -1 0 0
vn -1 0 0
vn 0 -1 0
vn 0 -1 0
vn 0 -1 0
vn 0 -1 0
vn 1 0 0
vn 1 0 0
vn 1 0 0
vn 1 0 0
vn 0 1 0
vn 0 1 0
vn 0 1 0
vn 0 1 0
vn 1 0 0
vn 1 0 0
vn 1 0 0
vn 1 0 0
vn 0 -1 0
vn 0 -1 0
vn 0 -1 0
vn 0 -1 0
vn -1 0 0
vn -1 0 0
vn -1 0 0
vn -1 0 0
vn 0 1 0
vn 0 1 0
vn 0 1 0
vn 0 1 0
vn 0 1 0
vn 0 1 0
vn 0 1 0
vn 0 1 0
vn 1 0 0
vn 1 0 0
vn 1 0 0
vn 1 0 0
vn 0 -1 0
vn 0 -1 0
vn 0 -1 0
vn 0 -1 0
vn -1 0 0
vn -1 0 0
vn -1 0 0
vn -1 0 0
vn -1 0 0
vn -1 0 0
vn -1 0 0
vn -1 0 0
vn 0 1 0
vn 0 1 0
vn 0 1 0
vn 0 1 0
vn 1 0 0
vn 1 0 0
vn 1 0 0
vn 1 0 0
vn 0 -1 0
vn 0 -1 0
vn 0 -1 0
vn 0 -1 0
vn 0 1 0
vn 0 1 0
vn 0 1 0
vn 0 1 0
vn 1 0 0
vn 1 0 0
vn 1 0 0
vn 1 0 0
vn 0 -1 0
vn 0 -1 0
vn 0 -1 0
vn 0 -1 0
vn -1 0 0
vn -1 0 0
vn -1 0 0
vn -1 0 0
vn 1 0 0
vn 1 0 0
vn 1 0 0
vn 1 0 0
vn 0 -1 0
vn 0 -1 0
vn 0 -1 0
vn 0 -1 0
vn -1 0 0
vn -1 0 0
vn -1 0 0
vn -1 0 0
vn 0 1 0
vn 0 1 0
vn 0 1 0
vn 0 1 0
vn 0 1 0
vn 0 1 0
vn 0 1 0
vn 0 1 0
vn 1 0 0
vn 1 0 0
vn 1 0 0
vn 1 0 0
vn 0 -1 0
vn 0 -1 0
vn 0 -1 0
vn 0 -1 0
vn -1 0 0
vn -1 0 0
vn -1 0 0
vn -1 0 0
vn 0 1 0
vn 0 1 0
vn 0 1 0
vn 0 1 0
vn 1 0 0
vn 1 0 0
vn 1 0 0
vn 1 0 0
vn 0 -1 0
vn 0 -1 0
vn 0 -1 0
vn 0 -1 0
vn -1 0 0
vn -1 0 0
vn -1 0 0
vn -1 0 0
vn 0 -1 0
vn 0 -1 0
vn 0 -1 0
vn 0 -1 0
vn -1 0 0
vn -1 0 0
vn -1 0 0
vn -1 0 0
vn 0 1 0
vn 0 1 0
vn 0 1 0
vn 0 1 0
vn 1 0 0
vn 1 0 0
vn 1 0 0
vn 1 0 0
vn 1 0 0
vn 1 0 0
vn 1 0 0
vn 1 0 0
vn 0 -1 0
vn 0 -1 0
vn 0 -1 0
vn 0 -1 0
vn -1 0 0
vn -1 0 0
vn -1 0 0
vn -1 0 0
vn 0 1 0
vn 0 1 0
vn 0 1 0
vn 0 1 0
vn 0 -1 0
vn 0 -1 0
vn 0 -1 0
vn 0 -1 0
vn -1 0 0
vn -1 0 0
vn -1 0 0
vn -1 0 0
vn 0 1 0
vn 0 1 0
vn 0 1 0
vn 0 1 0
vn 1 0 0
vn 1 0 0
vn 1 0 0
vn 1 0 0
vn 0 0 -1
vn 0 0 -1
vn 0 0 -1
vn 0 0 -1
vn 0 0 -1
vn 0 0 -1
vn 0 0 -1
vn 0 0 -1
vn 0 0 -1
vn 0 0 -1
vn 0 0 -1
vn 0 0 -1
vn 0 0 -1
vn 0 0 -1
vn 0 0 -1
vn 0 0 -1
vn 0 0 -1
vn 0 0 -1
vn 0 0 -1
vn 0 0 -1
vn 0 0 -1
vn 0 0 -1
vn 0 0 -1
vn 0 0 -1
vn 0 0 -1
vn 0 0 -1
vn 0 0 -1
vn 0 0 -1
vn 0 0 -1
vn 0 0 -1
vn 0 0 -1
vn 0 0 -1
vn 0 0 -1
vn 0 0 -1
vn 0 0 -1
vn 0 0 -1
vn 0 0 -1
vn 0 0 -1
vn 0 0 -1
vn 0 0 -1
vn 0 0 -1
vn 0 0 -1
vn 0 0 -1
vn 0 0 -1
vn 0 0 1
vn 0 0 1
vn 0 0 1
vn 0 0 1
vn 0 0 1
vn 0 0 1
vn 0 0 1
vn 0 0 1
vn 0 0 1
vn 0 0 1
vn 0 0 1
vn 0 0 1
vn 0 0 1
vn 0 0 1
vn 0 0 1
vn 0 0 1
vn 0 0 1
vn 0 0 1
vn 0 0 1
vn 0 0 1
vn 0 0 1
vn 0 0 1
vn 0 0 1
vn 0 0 1
vn 0 0 1
vn 0 0 1
vn 0 0 1
vn 0 0 1
vn 0 0 1
vn 0 0 1
vn 0 0 1
vn 0 0 1
vn 0 0 1
vn 0 0 1
vn 0 0 1
vn 0 0 1
vn 0 0 1
vn 0 0 1
vn 0 0 1
vn 0 0 1
vn 0 0 1
vn 0 0 1
vn 0 0 1
vn 0 0 1
f 1/1/1 3/3/3 4/4/4 2/2/2
f 3/5/5 5/7/7 6/8/8 4/6/6
f 5/9/9 7/11/11 8/12/12 6/10/10
f 7/13/13 1/15/15 2/16/16 8/14/14
f 9/17/17 11/19/19 12/20/20 10/18/18
f 11/21/21 13/23/23 14/24/24 12/22/22
f 13/25/25 15/27/27 16/28/28 14/26/26
f 15/29/29 9/31/31 10/32/32 16/30/30
f 17/33/33 19/35/35 20/36/36 18/34/34
f 19/37/37 21/39/39 22/40/40 20/38/38
f 21/41/41 23/43/43 24/44/44 22/42/42
f 23/45/45 17/47/47 18/48/48 24/46/46
f 25/49/49 27/51/51 28/52/52 26/50/50
f 27/53/53 29/55/55 30/56/56 28/54/54
f 29/57/57 31/59/59 32/60/60 30/58/58
f 31/61/61 25/63/63 26/64/64 32/62/62
f 33/65/65 35/67/67 36/68/68 34/66/66
f 35/69/69 37/71/71 38/72/72 36/70/70
f 37/73/73 39/75/75 40/76/76 38/74/74
f 39/77/77 33/79/79 34/80/80 40/78/78
f 41/81/81 43/83/83 44/84/84 42/82/82
f 43/85/85 45/87/87 46/88/88 44/86/86
f 45/89/89 47/91/91 48/92/92 46/90/90
f 47/93/93 41/95/95 42/96/96 48/94/94
f 49/97/97 51/99/99 52/100/100 50/98/98
f 51/101/101 53/103/103 54/104/104 52/102/102
f 53/105/105 55/107/107 56/108/108 54/106/106
f 55/109/109 49/111/111 50/112/112 56/110/110
f 57/113/113 59/115/115 60/116/116 58/114/114
f 59/117/117 61/119/119 62/120/120 60/118/118
f 61/121/121 63/123/123 64/124/124 62/122/122
f 63/125/125 57/127/127 58/128/128 64/126/126
f 65/129/129 67/131/131 68/132/132 66/130/130
f 67/133/133 69/135/135 70/136/136 68/134/134
f 69/137/137 71/139/139 72/140/140 70/138/138
f 71/141/141 65/143/143 66/144/144 72/142/142
f 73/145/145 75/147/147 76/148/148 74/146/146
f 75/149/149 77/151/151 78/152/152 76/150/150
f 77/153/153 79/155/155 80/156/156 78/154/154
f 79/157/157 73/159/159 74/160/160 80/158/158
f 81/161/161 83/163/163 84/164/164 82/162/162
f 83/165/165 85/167/167 86/168/168 84/166/166
f 85/169/169 87/171/171 88/172/172 86/170/170
f 87/173/173 81/175/175 82/176/176 88/174/174
f 15/184/184 13/183/183 7/180/180
f 11/182/182 7/180/180 13/183/183
f 47/200/200 45/199/199 11/182/182
f 7/180/180 11/182/182 45/199/199
f 7/180/180 45/199/199 43/198/198
f 43/198/198 63/208/208 7/180/180
f 7/180/180 63/208/208 61/207/207
f 7/180/180 61/207/207 39/196/196
f 33/193/193 39/196/196 61/207/207
f 85/219/219 83/218/218 37/195/195
f 7/180/180 37/195/195 83/218/218
f 7/180/180 83/218/218 81/217/217
f 37/195/195 7/180/180 39/196/196
f 81/217/217 1/177/177 7/180/180
f 57/205/205 63/208/208 43/198/198
f 5/179/179 9/181/181 15/184/184
f 41/197/197 47/200/200 5/179/179
f 9/181/181 5/179/179 47/200/200
f 57/205/205 41/197/197 5/179/179
f 47/200/200 11/182/182 9/181/181
f 7/180/180 5/179/179 15/184/184
f 5/179/179 59/206/206 57/205/205
f 61/207/207 59/206/206 33/193/193
f 5/179/179 33/193/193 59/206/206
f 5/179/179 85/219/219 35/194/194
f 37/195/195 35/194/194 85/219/219
f 5/179/179 87/220/220 85/219/219
f 5/179/179 35/194/194 33/193/193
f 57/205/205 43/198/198 41/197/197
f 3/178/178 87/220/220 5/179/179
f 87/220/220 79/216/216 81/217/217
f 1/177/177 77/215/215 75/214/214
f 1/177/177 55/204/204 53/203/203
f 1/177/177 53/203/203 25/189/189
f 51/202/202 25/189/189 53/203/203
f 55/204/204 1/177/177 75/214/214
f 49/201/201 55/204/204 75/214/214
f 67/210/210 1/177/177 31/192/192
f 25/189/189 31/192/192 1/177/177
f 65/209/209 1/177/177 67/210/210
f 69/211/211 67/210/210 31/192/192
f 71/212/212 23/188/188 65/209/209
f 1/177/177 65/209/209 23/188/188
f 1/177/177 23/188/188 21/187/187
f 21/187/187 3/178/178 1/177/177
f 1/177/177 81/217/217 77/215/215
f 3/178/178 73/213/213 79/216/216
f 3/178/178 51/202/202 49/201/201
f 25/189/189 51/202/202 27/190/190
f 3/178/178 27/190/190 51/202/202
f 49/201/201 75/214/214 73/213/213
f 3/178/178 49/201/201 73/213/213
f 3/178/178 69/211/211 29/191/191
f 31/192/192 29/191/191 69/211/211
f 3/178/178 71/212/212 69/211/211
f 3/178/178 19/186/186 17/185/185
f 21/187/187 19/186/186 3/178/178
f 71/212/212 3/178/178 17/185/185
f 17/185/185 23/188/188 71/212/212
f 27/190/190 3/178/178 29/191/191
f 87/220/220 3/178/178 79/216/216
f 81/217/217 79/216/216 77/215/215
f 16/228/228 8/224/224 14/227/227
f 12/226/226 14/227/227 8/224/224
f 48/244/244 12/226/226 46/243/243
f 8/224/224 46/243/243 12/226/226
f 8/224/224 44/242/242 46/243/243
f 44/242/242 8/224/224 64/252/252
f 8/224/224 62/251/251 64/252/252
f 8/224/224 40/240/240 62/251/251
f 34/237/237 62/251/251 40/240/240
f 86/263/263 38/239/239 84/262/262
f 8/224/224 84/262/262 38/239/239
f 8/224/224 82/261/261 84/262/262
f 38/239/239 40/240/240 8/224/224
f 82/261/261 8/224/224 2/221/221
f 58/249/249 44/242/242 64/252/252
f 6/223/223 16/228/228 10/225/225
f 42/241/241 6/223/223 48/244/244
f 10/225/225 48/244/244 6/223/223
f 58/249/249 6/223/223 42/241/241
f 48/244/244 10/225/225 12/226/226
f 8/224/224 16/228/228 6/223/223
f 6/223/223 58/249/249 60/250/250
f 62/251/251 34/237/237 60/250/250
f 6/223/223 60/250/250 34/237/237
f 6/223/223 36/238/238 86/263/263
f 38/239/239 86/263/263 36/238/238
f 6/223/223 86/263/263 88/264/264
f 6/223/223 34/237/237 36/238/238
f 58/249/249 42/241/241 44/242/242
f 4/222/222 6/223/223 88/264/264
f 88/264/264 82/261/261 80/260/260
f 2/221/221 76/258/258 78/259/259
f 2/221/221 54/247/247 56/248/248
f 2/221/221 26/233/233 54/247/247
f 52/246/246 54/247/247 26/233/233
f 56/248/248 76/258/258 2/221/221
f 50/245/245 76/258/258 56/248/248
f 68/254/254 32/236/236 2/221/221
f 26/233/233 2/221/221 32/236/236
f 66/253/253 68/254/254 2/221/221
f 70/255/255 32/236/236 68/254/254
f 72/256/256 66/253/253 24/232/232
f 2/221/221 24/232/232 66/253/253
f 2/221/221 22/231/231 24/232/232
f 22/231/231 2/221/221 4/222/222
f 2/221/221 78/259/259 82/261/261
f 4/222/222 80/260/260 74/257/257
f 4/222/222 50/245/245 52/246/246
f 26/233/233 28/234/234 52/246/246
f 4/222/222 52/246/246 28/234/234
f 50/245/245 74/257/257 76/258/258
f 4/222/222 74/257/257 50/245/245
f 4/222/222 30/235/235 70/255/255
f 32/236/236 70/255/255 30/235/235
f 4/222/222 70/255/255 72/256/256
f 4/222/222 18/229/229 20/230/230
f 22/231/231 4/222/222 20/230/230
f 72/256/256 18/229/229 4/222/222
f 18/229/229 72/256/256 24/232/232
f 28/234/234 30/235/235 4/222/222
f 88/264/264 80/260/260 4/222/222
f 82/261/261 78/259/259 80/260/260
g pilars
o pillars
usemtl diffuse_255_255_255_255
v -145.16905212402344 0 1189.82421875
v -145.16905212402344 300 1189.82421875
v -125.16905212402344 0 1189.82421875
v -125.16905212402344 300 1189.82421875
v -125.16905212402344 0 1169.82421875
v -125.16905212402344 300 1169.82421875
v -145.16905212402344 0 1169.82421875
v -145.16905212402344 300 1169.82421875
vt 0 0
vt 0 1
vt 0.20833316445350647 0
vt 0.20833316445350647 1
vt 0.20833316445350647 0
vt 0.20833316445350647 1
vt 0.41666632890701294 0
vt 0.41666632890701294 1
vt 0.41666632890701294 0
vt 0.41666632890701294 1
vt 0.62499946355819702 0
vt 0.62499946355819702 1
vt 0.62499946355819702 0
vt 0.62499946355819702 1
vt 0.83333265781402588 0
vt 0.83333265781402588 1
vt 0.83333349227905273 0.066666670143604279
vt 1 0.066666670143604279
vt 1 0
vt 0.83333349227905273 0
vt 0.83333349227905273 0.93333333730697632
vt 1 0.93333333730697632
vt 1 1
vt 0.83333349227905273 1
vn 0 0 1
vn 0 0 1
vn 0 0 1
vn 0 0 1
vn 1 0 0
vn 1 0 0
vn 1 0 0
vn 1 0 0
vn 0 0 -1
vn 0 0 -1
vn 0 0 -1
vn 0 0 -1
vn -1 0 0
vn -1 0 0
vn -1 0 0
vn -1 0 0
vn 0 -1 0
vn 0 -1 0
vn 0 -1 0
vn 0 -1 0
vn 0 1 0
vn 0 1 0
vn 0 1 0
vn 0 1 0
f 89/265/265 91/267/267 92/268/268 90/266/266
f 91/269/269 93/271/271 94/272/272 92/270/270
f 93/273/273 95/275/275 96/276/276 94/274/274
f 95/277/277 89/279/279 90/280/280 96/278/278
f 91/282/282 89/281/281 95/284/284
f 95/284/284 93/283/283 91/282/282
f 92/286/286 96/288/288 90/285/285
f 96/288/288 92/286/286 94/287/287
g floors
o inside floor
usemtl diffuse_0_127_0_255
v -1140.1690673828125 0 -1210.17578125
v 1139.8309326171875 0 -1210.17578125
v -1140.1690673828125 0 -130.17581176757813
v 1139.8309326171875 0 -130.17581176757813
vt 0 0
vt 0 1
vt 1 0
vt 1 1
vn 0 1 0
vn 0 1 0
vn 0 1 0
vn 0 1 0
f 100/292/292 98/290/290 97/289/289 99/291/291
g outsidewalls
o outside walls
usemtl diffuse_125_38_205_255
v -1140.1690673828125 0 -130.17581176757813
v -1140.1690673828125 550 -130.17581176757813
v 1139.8309326171875 0 -130.17581176757813
v 1139.8309326171875 550 -130.17581176757813
v -125.16905212402344 0 -130.17581176757813
v -1100.1690673828125 550 -130.17581176757813
v -1100.1690673828125 347.59353637695313 -130.17581176757813
v 1099.8309326171875 550 -130.17581176757813
v 1099.8309326171875 347.59353637695313 -130.17581176757813
v 124.83094787597656 300 -130.17581176757813
v 124.83094787597656 0 -130.17581176757813
v -125.16905212402344 300 -130.17581176757813
v 377.8309326171875 347.59353637695313 -130.17581176757813
v 377.8309326171875 550 -130.17581176757813
v 399.8309326171875 347.59353637695313 -130.17581176757813
v -378.1690673828125 550 -130.17581176757813
v -378.1690673828125 347.59353637695313 -130.17581176757813
v -400.1690673828125 347.59353637695313 -130.17581176757813
v 1139.8309326171875 0 -1210.17578125
v 1139.8309326171875 550 -1210.17578125
v -1140.1690673828125 0 -1210.17578125
v -1140.1690673828125 550 -1210.17578125
v 599.8309326171875 550 -1210.17578125
v 599.8309326171875 350 -1210.17578125
v -600.1690673828125 550 -1210.17578125
v -600.1690673828125 350 -1210.17578125
v -1100.1690673828125 0 -1170.17578125
v -1100.1690673828125 550 -1170.17578125
v 1099.8309326171875 0 -1170.17578125
v 1099.8309326171875 550 -1170.17578125
v -600.1690673828125 550 -1170.17578125
v 599.8309326171875 550 -1170.17578125
v 599.8309326171875 350 -1170.17578125
v -600.1690673828125 350 -1170.17578125
v 1099.8309326171875 0 -170.17581176757813
v -1100.1690673828125 0 -170.17581176757813
v -1100.1690673828125 347.59353637695313 -170.17581176757813
v 1099.8309326171875 347.59353637695313 -170.17581176757813
v 124.83094787597656 0 -170.17581176757813
v 124.83094787597656 300 -170.17581176757813
v -125.16905212402344 300 -170.17581176757813
v -125.16905212402344 0 -170.17581176757813
v 377.8309326171875 550 -170.17581176757813
v 377.8309326171875 347.59353637695313 -170.17581176757813
v -378.1690673828125 550 -170.17581176757813
v 399.8309326171875 347.59353637695313 -170.17581176757813
v -378.1690673828125 347.59353637695313 -170.17581176757813
v -400.1690673828125 347.59353637695313 -170.17581176757813
v 1099.8309326171875 550 -170.17581176757813
v 1099.8309326171875 550 -210.17581176757813
v 1099.8309326171875 550 -250.17581176757813
v -1100.1690673828125 550 -170.17581176757813
v -1100.1690673828125 550 -180.17581176757813
v -1100.1690673828125 550 -250.17581176757813
vt 0 0.25196850299835205
vt 0 0.39486062526702881
vt 0.59842520952224731 0.25196850299835205
vt 0.59842520952224731 0.39486062526702881
vt 0.26640421152114868 0.25196850299835205
vt 0.010498687624931335 0.39486062526702881
vt 0.010498687624931335 0.34227463603019714
vt 0.58792650699615479 0.39486062526702881
vt 0.58792650699615479 0.34227463603019714
vt 0.33202102780342102 0.32990965247154236
vt 0.33202102780342102 0.25196850299835205
vt 0.26640421152114868 0.32990965247154236
vt 0.39842519164085388 0.34227463603019714
vt 0.39842519164085388 0.39486062526702881
vt 0.40419948101043701 0.34227463603019714
vt 0.19999998807907104 0.39486062526702881
vt 0.19999998807907104 0.34227463603019714
vt 0.1942257285118103 0.34227463603019714
vt 0.99853515625 0
vt 0.85564303398132324 0
vt 0.99853515625 0.28346458077430725
vt 0.85564303398132324 0.28346458077430725
vt 0.70982122421264648 0.39632546901702881
vt 0.5669291615486145 0.39632546901702881
vt 0.70982122421264648 0.99328583478927612
vt 0.5669291615486145 0.99328583478927612
vt 0.5669291615486145 0.53771078586578369
vt 0.61888992786407471 0.53771078586578369
vt 0.5669291615486145 0.85190045833587646
vt 0.61888992786407471 0.85190045833587646
vt 0.85417819023132324 0
vt 0.71128606796264648 0
vt 0.85417819023132324 0.28346458077430725
vt 0.71128606796264648 0.28346458077430725
vt 0.85417819023132324 0.32753986120223999
vt 0.71128606796264648 0.32753986120223999
vt 0.85417819023132324 0.90496766567230225
vt 0.71128606796264648 0.90496766567230225
vt 0.71128606796264648 0.45877346396446228
vt 0.71128606796264648 0.77373409271240234
vt 0.76324683427810669 0.77373409271240234
vt 0.76324683427810669 0.45877346396446228
vt 0.99853515625 0.32753986120223999
vt 0.99853515625 0.90496766567230225
vt 0.90822905302047729 0.90496766567230225
vt 0.90822905302047729 0.32753986120223999
vt 0.99853515625 0.58344537019729614
vt 0.9205939769744873 0.58344537019729614
vt 0.9205939769744873 0.64906215667724609
vt 0.99853515625 0.64906215667724609
vt 0.85564303398132324 0.51704114675521851
vt 0.90822905302047729 0.51704114675521851
vt 0.85564303398132324 0.71546638011932373
vt 0.90822905302047729 0.51126688718795776
vt 0.90822905302047729 0.71546638011932373
vt 0.90822905302047729 0.72124063968658447
vt 0.010498687624931335 0.39632546901702881
vt 0.019532531499862671 0.59475064277648926
vt 0.010498687624931335 0.59475064277648926
vt 0.019532531499862671 0.39632546901702881
vt 0.020997375249862671 0.59701681137084961
vt 0.020997375249862671 0.74137377738952637
vt 0.28199973702430725 0.59701681137084961
vt 0.28199973702430725 0.74137377738952637
vt 0.28199973702430725 0.68824875354766846
vt 0.27155962586402893 0.74137377738952637
vt 0.261119544506073 0.74137377738952637
vt 0.28346458077430725 0.25050365924835205
vt 0 0.25050365924835205
vt 0.27296587824821472 0.24011348187923431
vt 0.28346458077430725 0.24011348187923431
vt 0 0.11023622006177902
vt 0.010498681105673313 0.11023622006177902
vt 0.010498681105673313 0.24011348187923431
vt 0.25196850299835205 0.24011348187923431
vt 0.26246720552444458 0.24011348187923431
vt 0.088910758495330811 0
vt 0.088910758495330811 0.052493438124656677
vt 0.099409446120262146 0
vt 0.099409446120262146 0.052493438124656677
vt 0 0
vt 0 0.052493438124656677
vt 0.010498687624931335 0
vt 0.010498687624931335 0.052493438124656677
vt 0 0.078740157186985016
vt 0.31496062874794006 0.078740157186985016
vt 0.31496062874794006 0.087774001061916351
vt 0 0.087774001061916351
vt 0.28199973702430725 0.79770821332931519
vt 0 0.79770821332931519
vt 0.28199973702430725 0.80820691585540771
vt 0.010444427840411663 0.80820691585540771
vt 0.010444427840411663 0.93944048881530762
vt 0.27155527472496033 0.80820691585540771
vt 0 0.93944048881530762
vt 0.26894417405128479 0.80820691585540771
vt 0.25066640973091125 0.80820691585540771
vt 0 0.089238844811916351
vt 0.078740157186985016 0.098272688686847687
vt 0 0.098272688686847687
vt 0.078740157186985016 0.089238844811916351
vt 0.62237530946731567 0
vt 0.62237530946731567 0.077275313436985016
vt 0.6328740119934082 0
vt 0.6328740119934082 0.077275313436985016
vt 0.53346455097198486 0
vt 0.54396325349807739 0.065616801381111145
vt 0.53346455097198486 0.065616801381111145
vt 0.54396325349807739 0
vt 0.5654643177986145 0.39632546901702881
vt 0.28346458077430725 0.39632546901702881
vt 0.5654643177986145 0.99328583478927612
vt 0.28346458077430725 0.99328583478927612
vt 0.5654643177986145 0.66207754611968994
vt 0.55501985549926758 0.40679845213890076
vt 0.2939089834690094 0.40679845213890076
vt 0.2939089834690094 0.98281282186508179
vt 0.55501985549926758 0.98281282186508179
vt 0.55501985549926758 0.72753375768661499
vt 0.5654643177986145 0.72753375768661499
vt 0.55501985549926758 0.66207754611968994
vt 0.18832020461559296 0.053125057369470596
vt 0.17782151699066162 0.053125057369470596
vt 0.17782151699066162 0
vt 0.18832020461559296 0
vt 0.26673227548599243 0.053125057369470596
vt 0.27723097801208496 0.053125057369470596
vt 0.27723097801208496 0
vt 0.26673227548599243 0
vt 0.1895013153553009 0.10877137631177902
vt 0 0.10877137631177902
vt 0.1895013153553009 0.099737532436847687
vt 0 0.099737532436847687
vt 0.18372704088687897 0.099737532436847687
vt 0.18372704088687897 0.10877137631177902
vt 0.44455379247665405 0.053125057369470596
vt 0.45505249500274658 0.053125057369470596
vt 0.45505249500274658 0
vt 0.44455379247665405 0
vt 0 0.39632546901702881
vt 0.0090338438749313354 0.58582675457000732
vt 0 0.58582675457000732
vt 0 0.58005249500274658
vt 0.0090338438749313354 0.39632546901702881
vt 0.0090338438749313354 0.58005249500274658
vt 0.020997375249862671 0.39632546901702881
vt 0.020997375249862671 0.54068243503570557
vt 0.28199973702430725 0.39632546901702881
vt 0.28199973702430725 0.54068243503570557
vt 0.020997375249862671 0.48755735158920288
vt 0.041877564042806625 0.54068243503570557
vt 0.023607399314641953 0.54068243503570557
vt 0.35564303398132324 0.053125057369470596
vt 0.36614173650741577 0.053125057369470596
vt 0.35564303398132324 0
vt 0.36614173650741577 0
vn 0 0 1
vn 0 0 1
vn 0 0 1
vn 0 0 1
vn 0 0 1
vn 0 0 1
vn 0 0 1
vn 0 0 1
vn 0 0 1
vn 0 0 1
vn 0 0 1
vn 0 0 1
vn 0 0 1
vn 0 0 1
vn 0 0 1
vn 0 0 1
vn 0 0 1
vn 0 0 1
vn 1 0 0
vn 1 0 0
vn 1 0 0
vn 1 0 0
vn 0 0 -1
vn 0 0 -1
vn 0 0 -1
vn 0 0 -1
vn 0 0 -1
vn 0 0 -1
vn 0 0 -1
vn 0 0 -1
vn -1 0 0
vn -1 0 0
vn -1 0 0
vn -1 0 0
vn 0 0 1
vn 0 0 1
vn 0 0 1
vn 0 0 1
vn 0 0 1
vn 0 0 1
vn 0 0 1
vn 0 0 1
vn 0 0 -1
vn 0 0 -1
vn 0 0 -1
vn 0 0 -1
vn 0 0 -1
vn 0 0 -1
vn 0 0 -1
vn 0 0 -1
vn 0 0 -1
vn 0 0 -1
vn 0 0 -1
vn 0 0 -1
vn 0 0 -1
vn 0 0 -1
vn 0 1 0
vn 0 1 0
vn 0 1 0
vn 0 1 0
vn -1 0 0
vn -1 0 0
vn -1 0 0
vn -1 0 0
vn -1 0 0
vn -1 0 0
vn -1 0 0
vn 0 1 0
vn 0 1 0
vn 0 1 0
vn 0 1 0
vn 0 1 0
vn 0 1 0
vn 0 1 0
vn 0 1 0
vn 0 1 0
vn -1 0 0
vn -1 0 0
vn -1 0 0
vn -1 0 0
vn 1 0 0
vn 1 0 0
vn 1 0 0
vn 1 0 0
vn 0 1 0
vn 0 1 0
vn 0 1 0
vn 0 1 0
vn 0 1 0
vn 0 1 0
vn 0 1 0
vn 0 1 0
vn 0 1 0
vn 0 1 0
vn 0 1 0
vn 0 1 0
vn 0 1 0
vn -1 0 0
vn -1 0 0
vn -1 0 0
vn -1 0 0
vn 1 0 0
vn 1 0 0
vn 1 0 0
vn 1 0 0
vn 0 -1 0
vn 0 -1 0
vn 0 -1 0
vn 0 -1 0
vn 0 -1 0
vn 0 -1 0
vn 0 -1 0
vn 0 -1 0
vn 0 -1 0
vn 0 -1 0
vn 0 -1 0
vn 0 -1 0
vn 0 -1 0
vn 0 -1 0
vn 0 -1 0
vn 0 -1 0
vn 1 0 0
vn 1 0 0
vn 1 0 0
vn 1 0 0
vn -1 0 0
vn -1 0 0
vn -1 0 0
vn -1 0 0
vn 0 1 0
vn 0 1 0
vn 0 1 0
vn 0 1 0
vn 0 1 0
vn 0 1 0
vn -1 0 0
vn -1 0 0
vn -1 0 0
vn -1 0 0
vn 0 1 0
vn 0 1 0
vn 0 1 0
vn 0 1 0
vn 0 1 0
vn 0 1 0
vn 1 0 0
vn 1 0 0
vn 1 0 0
vn 1 0 0
vn 1 0 0
vn 1 0 0
vn 1 0 0
vn 1 0 0
vn 1 0 0
vn 1 0 0
vn 1 0 0
f 102/294/294 101/293/293 107/299/299
f 101/293/293 118/310/310 107/299/299
f 101/293/293 105/297/297 112/304/304
f 112/304/304 118/310/310 101/293/293
f 106/298/298 102/294/294 107/299/299
f 112/304/304 117/309/309 118/310/310
f 117/309/309 113/305/305 116/308/308
f 113/305/305 117/309/309 112/304/304
f 103/295/295 110/302/302 111/303/303
f 109/301/301 115/307/307 103/295/295
f 110/302/302 103/295/295 115/307/307
f 113/305/305 110/302/302 115/307/307
f 113/305/305 114/306/306 116/308/308
f 108/300/300 109/301/301 104/296/296
f 103/295/295 104/296/296 109/301/301
f 110/302/302 113/305/305 112/304/304
f 104/312/312 103/311/311 119/313/313 120/314/314
f 120/316/316 119/315/315 124/320/320
f 121/317/317 124/320/320 119/315/315
f 124/320/320 123/319/319 120/316/316
f 122/318/318 126/322/322 121/317/317
f 124/320/320 121/317/317 126/322/322
f 126/322/322 122/318/318 125/321/321
f 122/324/324 121/323/323 101/325/325 102/326/326
f 128/328/328 127/327/327 134/334/334
f 133/333/333 134/334/334 127/327/327
f 134/334/334 131/331/331 128/328/328
f 130/330/330 133/333/333 129/329/329
f 127/327/327 129/329/329 133/333/333
f 133/333/333 130/330/330 132/332/332
f 140/340/340 135/335/335 139/339/339
f 146/346/346 135/335/335 140/340/340
f 135/335/335 146/346/346 138/338/338
f 144/344/344 145/345/345 143/343/343
f 144/344/344 146/346/346 140/340/340
f 141/341/341 144/344/344 140/340/340
f 141/341/341 142/342/342 136/336/336
f 148/348/348 141/341/341 136/336/336
f 147/347/347 145/345/345 144/344/344
f 141/341/341 148/348/348 147/347/347
f 148/348/348 136/336/336 137/337/337
f 141/341/341 147/347/347 144/344/344
f 145/349/349 116/352/352 114/350/350 143/351/351
f 151/359/359 130/354/354 138/357/357
f 130/354/354 129/353/353 135/355/355 138/357/357
f 151/359/359 138/357/357 150/358/358
f 138/357/357 149/356/356 150/358/358
f 104/360/360 149/362/362 108/363/363
f 132/365/365 130/366/366 120/361/361 123/364/364
f 151/367/367 150/368/368 104/360/360
f 149/362/362 104/360/360 150/368/368
f 130/366/366 151/367/367 104/360/360 120/361/361
f 132/370/370 123/372/372 124/371/371 133/369/369
f 125/374/374 131/376/376 134/375/375 126/373/373
f 126/380/380 134/377/377 133/378/378 124/379/379
f 152/386/386 102/381/381 106/383/383
f 152/386/386 153/388/388 102/381/381
f 122/382/382 102/381/381 154/389/389 128/384/384
f 102/381/381 153/388/388 154/389/389
f 128/384/384 131/385/385 125/387/387 122/382/382
f 110/390/390 140/392/392 139/391/391 111/393/393
f 141/395/395 112/397/397 105/396/396 142/394/394
f 141/398/398 140/400/400 110/399/399 112/401/401
f 101/402/402 136/407/407 142/413/413 105/406/406
f 121/403/403 127/408/408 136/407/407 101/402/402
f 127/408/408 121/403/403 119/405/405 129/409/409
f 135/410/410 103/404/404 111/412/412 139/411/411
f 129/409/409 119/405/405 103/404/404 135/410/410
f 113/415/415 144/414/414 143/417/417 114/416/416
f 138/418/418 109/419/419 108/420/420 149/421/421
f 115/426/426 146/427/427 144/422/422 113/424/424
f 109/425/425 138/423/423 146/427/427 115/426/426
f 147/428/428 117/429/429 116/430/430 145/431/431
f 118/435/435 148/437/437 137/436/436 107/432/432
f 117/434/434 147/433/433 148/437/437 118/435/435
f 127/440/440 137/442/442 136/438/438
f 153/444/444 152/439/439 137/442/442
f 153/444/444 137/442/442 154/443/443
f 128/441/441 137/442/442 127/440/440
f 128/441/441 154/443/443 137/442/442
f 107/445/445 137/446/446 152/448/448 106/447/447
g ceiling
o ceiling main house
usemtl diffuse_0_0_0_255
v -1140.1690673828125 550 -1210.17578125
v -1140.1690673828125 580 -1210.17578125
v -1140.1690673828125 550 -130.17581176757813
v -1140.1690673828125 580 -130.17581176757813
v 1139.8309326171875 550 -130.17581176757813
v 1139.8309326171875 580 -130.17581176757813
v 1139.8309326171875 550 -1210.17578125
v 1139.8309326171875 580 -1210.17578125
vt 0 0
vt 0 0.50684905052185059
vt 0.1607142835855484 0
vt 0.1607142835855484 0.50684905052185059
vt 0.1607142835855484 0
vt 0.1607142835855484 0.50684905052185059
vt 0.5 0
vt 0.5 0.50684905052185059
vt 0.5 0
vt 0.5 0.50684905052185059
vt 0.66071426868438721 0
vt 0.66071426868438721 0.50684905052185059
vt 0.66071426868438721 0
vt 0.66071426868438721 0.50684905052185059
vt 1 0
vt 1 0.50684905052185059
vt 0.33928570151329041 1
vt 0.33928570151329041 0.50684958696365356
vt 0 0.50684958696365356
vt 0 1
vt 1 0.50684958696365356
vt 1 1
vt 0.66071426868438721 1
vt 0.66071426868438721 0.50684958696365356
vn -1 0 0
vn -1 0 0
vn -1 0 0
vn -1 0 0
vn 0 0 1
vn 0 0 1
vn 0 0 1
vn 0 0 1
vn 1 0 0
vn 1 0 0
vn 1 0 0
vn 1 0 0
vn 0 0 -1
vn 0 0 -1
vn 0 0 -1
vn 0 0 -1
vn 0 -1 0
vn 0 -1 0
vn 0 -1 0
vn 0 -1 0
vn 0 1 0
vn 0 1 0
vn 0 1 0
vn 0 1 0
f 155/449/449 157/451/451 158/452/452 156/450/450
f 157/453/453 159/455/455 160/456/456 158/454/454
f 159/457/457 161/459/459 162/460/460 160/458/458
f 161/461/461 155/463/463 156/464/464 162/462/462
f 157/466/466 155/465/465 161/468/468
f 161/468/468 159/467/467 157/466/466
f 158/470/470 162/472/472 156/469/469
f 162/472/472 158/470/470 160/471/471
g window_door
o doors
usemtl diffuse_200_0_0_255
v 19.617429733276367 300 -62.684211730957031
v 19.617429733276367 0 -62.684211730957031
v 15.648224830627441 300 -68.871856689453125
v 15.648224830627441 0 -68.871856689453125
v 120.86174011230469 300 -136.36346435546875
v 120.86174011230469 0 -136.36346435546875
v 124.83094787597656 300 -130.17581176757813
v 124.83094787597656 0 -130.17581176757813
vt 0 0
vt 0 1
vt 0.027041178196668625 0
vt 0.027041178196668625 1
vt 0.027041178196668625 0
vt 0.027041178196668625 1
vt 0.4868442714214325 0
vt 0.4868442714214325 1
vt 0.4868442714214325 0
vt 0.4868442714214325 1
vt 0.51388543844223022 0
vt 0.51388543844223022 1
vt 0.51388543844223022 0
vt 0.51388543844223022 1
vt 0.97368854284286499 0
vt 0.97368854284286499 1
vt 0.9736894965171814 0.4166666567325592
vt 1 0.4166666567325592
vt 1 0
vt 0.9736894965171814 0
vt 0.9736894965171814 0.58333331346511841
vt 1 0.58333331346511841
vt 1 1
vt 0.9736894965171814 1
vn -0.84170812368392944 0 0.53993278741836548
vn -0.84170812368392944 0 0.53993278741836548
vn -0.84170812368392944 0 0.53993278741836548
vn -0.84170812368392944 0 0.53993278741836548
vn -0.53993278741836548 0 -0.84170812368392944
vn -0.53993278741836548 0 -0.84170812368392944
vn -0.53993278741836548 0 -0.84170812368392944
vn -0.53993278741836548 0 -0.84170812368392944
vn 0.84170812368392944 0 -0.53993278741836548
vn 0.84170812368392944 0 -0.53993278741836548
vn 0.84170812368392944 0 -0.53993278741836548
vn 0.84170812368392944 0 -0.53993278741836548
vn 0.53993278741836548 0 0.84170812368392944
vn 0.53993278741836548 0 0.84170812368392944
vn 0.53993278741836548 0 0.84170812368392944
vn 0.53993278741836548 0 0.84170812368392944
vn 0 1 0
vn 0 1 0
vn 0 1 0
vn 0 1 0
vn 0 -1 0
vn 0 -1 0
vn 0 -1 0
vn 0 -1 0
f 163/473/473 165/475/475 166/476/476 164/474/474
f 165/477/477 167/479/479 168/480/480 166/478/478
f 167/481/481 169/483/483 170/484/484 168/482/482
f 169/485/485 163/487/487 164/488/488 170/486/486
f 165/490/490 163/489/489 169/492/492
f 169/492/492 167/491/491 165/490/490
f 166/494/494 170/496/496 164/493/493
f 170/496/496 166/494/494 168/495/495
o doors
usemtl diffuse_200_0_0_255
v -125.16905212402344 300 -130.17581176757813
v -125.16905212402344 0 -130.17581176757813
v -125.16905212402344 300 -137.527099609375
v -125.16905212402344 0 -137.527099609375
v -0.16905544698238373 300 -137.527099609375
v -0.16905544698238373 0 -137.527099609375
v -0.16905544698238373 300 -130.17581176757813
v -0.16905544698238373 0 -130.17581176757813
vt 0 0
vt 0 1
vt 0.027041178196668625 0
vt 0.027041178196668625 1
vt 0.027041178196668625 0
vt 0.027041178196668625 1
vt 0.4868442714214325 0
vt 0.4868442714214325 1
vt 0.4868442714214325 0
vt 0.4868442714214325 1
vt 0.51388543844223022 0
vt 0.51388543844223022 1
vt 0.51388543844223022 0
vt 0.51388543844223022 1
vt 0.97368854284286499 0
vt 0.97368854284286499 1
vt 0.9736894965171814 0.4166666567325592
vt 1 0.4166666567325592
vt 1 0
vt 0.9736894965171814 0
vt 0.9736894965171814 0.58333331346511841
vt 1 0.58333331346511841
vt 1 1
vt 0.9736894965171814 1
vn -1 0 0
vn -1 0 0
vn -1 0 0
vn -1 0 0
vn 0 0 -1
vn 0 0 -1
vn 0 0 -1
vn 0 0 -1
vn 1 0 0
vn 1 0 0
vn 1 0 0
vn 1 0 0
vn 0 0 1
vn 0 0 1
vn 0 0 1
vn 0 0 1
vn 0 1 0
vn 0 1 0
vn 0 1 0
vn 0 1 0
vn 0 -1 0
vn 0 -1 0
vn 0 -1 0
vn 0 -1 0
f 171/497/497 173/499/499 174/500/500 172/498/498
f 173/501/501 175/503/503 176/504/504 174/502/502
f 175/505/505 177/507/507 178/508/508 176/506/506
f 177/509/509 171/511/511 172/512/512 178/510/510
f 173/514/514 171/513/513 177/516/516
f 177/516/516 175/515/515 173/514/514
f 174/518/518 178/520/520 172/517/517
f 178/520/520 174/518/518 176/519/519
o window
usemtl diffuse_200_0_0_255
v 1099.8309326171875 347.59353637695313 -140.17581176757813
v 1099.8309326171875 347.59353637695313 -130.17581176757813
v 1099.8309326171875 550 -140.17581176757813
v 1099.8309326171875 550 -130.17581176757813
v 377.8309326171875 550 -140.17581176757813
v 377.8309326171875 550 -130.17581176757813
v 377.8309326171875 347.59353637695313 -140.17581176757813
v 377.8309326171875 347.59353637695313 -130.17581176757813
v 980.3309326171875 352.6536865234375 -140.17581176757813
v 980.3309326171875 352.6536865234375 -130.17581176757813
v 980.3309326171875 544.9398193359375 -140.17581176757813
v 980.3309326171875 544.9398193359375 -130.17581176757813
v 1094.8309326171875 544.9398193359375 -140.17581176757813
v 1094.8309326171875 544.9398193359375 -130.17581176757813
v 1094.8309326171875 352.6536865234375 -140.17581176757813
v 1094.8309326171875 352.6536865234375 -130.17581176757813
v 736.3309326171875 352.6536865234375 -140.17581176757813
v 736.3309326171875 352.6536865234375 -130.17581176757813
v 621.8309326171875 352.6536865234375 -140.17581176757813
v 621.8309326171875 352.6536865234375 -130.17581176757813
v 621.8309326171875 544.9398193359375 -140.17581176757813
v 621.8309326171875 544.9398193359375 -130.17581176757813
v 736.3309326171875 544.9398193359375 -140.17581176757813
v 736.3309326171875 544.9398193359375 -130.17581176757813
v 497.3309326171875 544.9398193359375 -140.17581176757813
v 497.3309326171875 544.9398193359375 -130.17581176757813
v 497.3309326171875 352.6536865234375 -140.17581176757813
v 497.3309326171875 352.6536865234375 -130.17581176757813
v 382.8309326171875 352.6536865234375 -140.17581176757813
v 382.8309326171875 352.6536865234375 -130.17581176757813
v 382.8309326171875 544.9398193359375 -140.17581176757813
v 382.8309326171875 544.9398193359375 -130.17581176757813
v 975.3309326171875 352.6536865234375 -140.17581176757813
v 975.3309326171875 352.6536865234375 -130.17581176757813
v 860.8309326171875 352.6536865234375 -140.17581176757813
v 860.8309326171875 352.6536865234375 -130.17581176757813
v 860.8309326171875 544.9398193359375 -140.17581176757813
v 860.8309326171875 544.9398193359375 -130.17581176757813
v 975.3309326171875 544.9398193359375 -140.17581176757813
v 975.3309326171875 544.9398193359375 -130.17581176757813
v 502.3309326171875 352.6536865234375 -140.17581176757813
v 502.3309326171875 352.6536865234375 -130.17581176757813
v 502.3309326171875 544.9398193359375 -140.17581176757813
v 502.3309326171875 544.9398193359375 -130.17581176757813
v 616.8309326171875 544.9398193359375 -140.17581176757813
v 616.8309326171875 544.9398193359375 -130.17581176757813
v 616.8309326171875 352.6536865234375 -140.17581176757813
v 616.8309326171875 352.6536865234375 -130.17581176757813
v 855.8309326171875 544.9398193359375 -140.17581176757813
v 855.8309326171875 544.9398193359375 -130.17581176757813
v 855.8309326171875 352.6536865234375 -140.17581176757813
v 855.8309326171875 352.6536865234375 -130.17581176757813
v 741.3309326171875 352.6536865234375 -140.17581176757813
v 741.3309326171875 352.6536865234375 -130.17581176757813
v 741.3309326171875 544.9398193359375 -140.17581176757813
v 741.3309326171875 544.9398193359375 -130.17581176757813
vt 0 0
vt 0 0.51205337047576904
vt 0.036376863718032837 0
vt 0.036376863718032837 0.51205337047576904
vt 0.036376863718032837 0
vt 0.036376863718032837 0.51205337047576904
vt 0.16769734025001526 0
vt 0.16769734025001526 0.51205337047576904
vt 0.16769734025001526 0
vt 0.16769734025001526 0.51205337047576904
vt 0.2040742039680481 0
vt 0.2040742039680481 0.51205337047576904
vt 0.2040742039680481 0
vt 0.2040742039680481 0.51205337047576904
vt 0.33539468050003052 0
vt 0.33539468050003052 0.51205337047576904
vt 0.33539468050003052 0
vt 0.33539468050003052 0.51205337047576904
vt 0.36995270848274231 0
vt 0.36995270848274231 0.51205337047576904
vt 0.36995270848274231 0
vt 0.36995270848274231 0.51205337047576904
vt 0.39077845215797424 0
vt 0.39077845215797424 0.51205337047576904
vt 0.39077845215797424 0
vt 0.39077845215797424 0.51205337047576904
vt 0.42533648014068604 0
vt 0.42533648014068604 0.51205337047576904
vt 0.42533648014068604 0
vt 0.42533648014068604 0.51205337047576904
vt 0.44616225361824036 0
vt 0.44616225361824036 0.51205337047576904
vt 0.44616225361824036 0
vt 0.44616225361824036 0.51205337047576904
vt 0.46698799729347229 0
vt 0.46698799729347229 0.51205337047576904
vt 0.46698799729347229 0
vt 0.46698799729347229 0.51205337047576904
vt 0.50154602527618408 0
vt 0.50154602527618408 0.51205337047576904
vt 0.50154602527618408 0
vt 0.50154602527618408 0.51205337047576904
vt 0.52237176895141602 0
vt 0.52237176895141602 0.51205337047576904
vt 0.52237176895141602 0
vt 0.52237176895141602 0.51205337047576904
vt 0.55692976713180542 0
vt 0.55692976713180542 0.51205337047576904
vt 0.55692976713180542 0
vt 0.55692976713180542 0.51205337047576904
vt 0.5914878249168396 0
vt 0.5914878249168396 0.51205337047576904
vt 0.5914878249168396 0
vt 0.5914878249168396 0.51205337047576904
vt 0.61231356859207153 0
vt 0.61231356859207153 0.51205337047576904
vt 0.61231356859207153 0
vt 0.61231356859207153 0.51205337047576904
vt 0.64687156677246094 0
vt 0.64687156677246094 0.51205337047576904
vt 0.64687156677246094 0
vt 0.64687156677246094 0.51205337047576904
vt 0.66769737005233765 0
vt 0.66769737005233765 0.51205337047576904
vt 0.66769737005233765 0
vt 0.66769737005233765 0.51205337047576904
vt 0.68852311372756958 0
vt 0.68852311372756958 0.51205337047576904
vt 0.68852311372756958 0
vt 0.68852311372756958 0.51205337047576904
vt 0.72308111190795898 0
vt 0.72308111190795898 0.51205337047576904
vt 0.72308111190795898 0
vt 0.72308111190795898 0.51205337047576904
vt 0.74390685558319092 0
vt 0.74390685558319092 0.51205337047576904
vt 0.74390685558319092 0
vt 0.74390685558319092 0.51205337047576904
vt 0.7784649133682251 0
vt 0.7784649133682251 0.51205337047576904
vt 0.7784649133682251 0
vt 0.7784649133682251 0.51205337047576904
vt 0.8130229115486145 0
vt 0.8130229115486145 0.51205337047576904
vt 0.8130229115486145 0
vt 0.8130229115486145 0.51205337047576904
vt 0.83384865522384644 0
vt 0.83384865522384644 0.51205337047576904
vt 0.83384865522384644 0
vt 0.83384865522384644 0.51205337047576904
vt 0.86840671300888062 0
vt 0.86840671300888062 0.51205337047576904
vt 0.86840671300888062 0
vt 0.86840671300888062 0.51205337047576904
vt 0.88923245668411255 0
vt 0.88923245668411255 0.51205337047576904
vt 0.88923245668411255 0
vt 0.88923245668411255 0.51205337047576904
vt 0.92379045486450195 0
vt 0.92379045486450195 0.51205337047576904
vt 0.92379045486450195 0
vt 0.92379045486450195 0.51205337047576904
vt 0.94461619853973389 0
vt 0.94461619853973389 0.51205337047576904
vt 0.94461619853973389 0
vt 0.94461619853973389 0.51205337047576904
vt 0.97917425632476807 0
vt 0.97917425632476807 0.51205337047576904
vt 0.97917425632476807 0
vt 0.97917425632476807 0.51205337047576904
vt 1 0
vt 1 0.51205337047576904
vt 0.13055475056171417 1
vt 0.13055475056171417 0.51205384731292725
vt 0 0.51205384731292725
vt 0 1
vt 0.10894631594419479 0.98780137300491333
vt 0.10894631594419479 0.52425253391265869
vt 0.12965063750743866 0.52425253391265869
vt 0.12965063750743866 0.98780137300491333
vt 0.06482531875371933 0.98780137300491333
vt 0.044120997190475464 0.98780137300491333
vt 0.044120997190475464 0.52425253391265869
vt 0.06482531875371933 0.52425253391265869
vt 0.021608440205454826 0.52425253391265869
vt 0.021608440205454826 0.98780137300491333
vt 0.00090411881683394313 0.98780137300491333
vt 0.00090411881683394313 0.52425253391265869
vt 0.10804219543933868 0.98780137300491333
vt 0.087337873876094818 0.98780137300491333
vt 0.087337873876094818 0.52425253391265869
vt 0.10804219543933868 0.52425253391265869
vt 0.022512558847665787 0.98780137300491333
vt 0.022512558847665787 0.52425253391265869
vt 0.043216880410909653 0.52425253391265869
vt 0.043216880410909653 0.98780137300491333
vt 0.086433760821819305 0.52425253391265869
vt 0.086433760821819305 0.98780137300491333
vt 0.065729439258575439 0.98780137300491333
vt 0.065729439258575439 0.52425253391265869
vt 0.13055475056171417 0.51205384731292725
vt 0.13055475056171417 1
vt 0 1
vt 0 0.51205384731292725
vt 0.10894631594419479 0.52425253391265869
vt 0.10894631594419479 0.98780137300491333
vt 0.12965063750743866 0.98780137300491333
vt 0.12965063750743866 0.52425253391265869
vt 0.06482531875371933 0.52425253391265869
vt 0.044120997190475464 0.52425253391265869
vt 0.044120997190475464 0.98780137300491333
vt 0.06482531875371933 0.98780137300491333
vt 0.021608440205454826 0.98780137300491333
vt 0.021608440205454826 0.52425253391265869
vt 0.00090411881683394313 0.52425253391265869
vt 0.00090411881683394313 0.98780137300491333
vt 0.10804219543933868 0.52425253391265869
vt 0.087337873876094818 0.52425253391265869
vt 0.087337873876094818 0.98780137300491333
vt 0.10804219543933868 0.98780137300491333
vt 0.022512558847665787 0.52425253391265869
vt 0.022512558847665787 0.98780137300491333
vt 0.043216880410909653 0.98780137300491333
vt 0.043216880410909653 0.52425253391265869
vt 0.086433760821819305 0.98780137300491333
vt 0.086433760821819305 0.52425253391265869
vt 0.065729439258575439 0.52425253391265869
vt 0.065729439258575439 0.98780137300491333
vn 1 0 0
vn 1 0 0
vn 1 0 0
vn 1 0 0
vn 0 1 0
vn 0 1 0
vn 0 1 0
vn 0 1 0
vn -1 0 0
vn -1 0 0
vn -1 0 0
vn -1 0 0
vn 0 -1 0
vn 0 -1 0
vn 0 -1 0
vn 0 -1 0
vn 1 0 0
vn 1 0 0
vn 1 0 0
vn 1 0 0
vn 0 -1 0
vn 0 -1 0
vn 0 -1 0
vn 0 -1 0
vn -1 0 0
vn -1 0 0
vn -1 0 0
vn -1 0 0
vn 0 1 0
vn 0 1 0
vn 0 1 0
vn 0 1 0
vn 0 1 0
vn 0 1 0
vn 0 1 0
vn 0 1 0
vn 1 0 0
vn 1 0 0
vn 1 0 0
vn 1 0 0
vn 0 -1 0
vn 0 -1 0
vn 0 -1 0
vn 0 -1 0
vn -1 0 0
vn -1 0 0
vn -1 0 0
vn -1 0 0
vn -1 0 0
vn -1 0 0
vn -1 0 0
vn -1 0 0
vn 0 1 0
vn 0 1 0
vn 0 1 0
vn 0 1 0
vn 1 0 0
vn 1 0 0
vn 1 0 0
vn 1 0 0
vn 0 -1 0
vn 0 -1 0
vn 0 -1 0
vn 0 -1 0
vn 0 1 0
vn 0 1 0
vn 0 1 0
vn 0 1 0
vn 1 0 0
vn 1 0 0
vn 1 0 0
vn 1 0 0
vn 0 -1 0
vn 0 -1 0
vn 0 -1 0
vn 0 -1 0
vn -1 0 0
vn -1 0 0
vn -1 0 0
vn -1 0 0
vn 1 0 0
vn 1 0 0
vn 1 0 0
vn 1 0 0
vn 0 -1 0
vn 0 -1 0
vn 0 -1 0
vn 0 -1 0
vn -1 0 0
vn -1 0 0
vn -1 0 0
vn -1 0 0
vn 0 1 0
vn 0 1 0
vn 0 1 0
vn 0 1 0
vn -1 0 0
vn -1 0 0
vn -1 0 0
vn -1 0 0
vn 0 1 0
vn 0 1 0
vn 0 1 0
vn 0 1 0
vn 1 0 0
vn 1 0 0
vn 1 0 0
vn 1 0 0
vn 0 -1 0
vn 0 -1 0
vn 0 -1 0
vn 0 -1 0
vn 0 0 -1
vn 0 0 -1
vn 0 0 -1
vn 0 0 -1
vn 0 0 -1
vn 0 0 -1
vn 0 0 -1
vn 0 0 -1
vn 0 0 -1
vn 0 0 -1
vn 0 0 -1
vn 0 0 -1
vn 0 0 -1
vn 0 0 -1
vn 0 0 -1
vn 0 0 -1
vn 0 0 -1
vn 0 0 -1
vn 0 0 -1
vn 0 0 -1
vn 0 0 -1
vn 0 0 -1
vn 0 0 -1
vn 0 0 -1
vn 0 0 -1
vn 0 0 -1
vn 0 0 -1
vn 0 0 -1
vn 0 0 1
vn 0 0 1
vn 0 0 1
vn 0 0 1
vn 0 0 1
vn 0 0 1
vn 0 0 1
vn 0 0 1
vn 0 0 1
vn 0 0 1
vn 0 0 1
vn 0 0 1
vn 0 0 1
vn 0 0 1
vn 0 0 1
vn 0 0 1
vn 0 0 1
vn 0 0 1
vn 0 0 1
vn 0 0 1
vn 0 0 1
vn 0 0 1
vn 0 0 1
vn 0 0 1
vn 0 0 1
vn 0 0 1
vn 0 0 1
vn 0 0 1
f 179/521/521 181/523/523 182/524/524 180/522/522
f 181/525/525 183/527/527 184/528/528 182/526/526
f 183/529/529 185/531/531 186/532/532 184/530/530
f 185/533/533 179/535/535 180/536/536 186/534/534
f 187/537/537 189/539/539 190/540/540 188/538/538
f 189/541/541 191/543/543 192/544/544 190/542/542
f 191/545/545 193/547/547 194/548/548 192/546/546
f 193/549/549 187/551/551 188/552/552 194/550/550
f 195/553/553 197/555/555 198/556/556 196/554/554
f 197/557/557 199/559/559 200/560/560 198/558/558
f 199/561/561 201/563/563 202/564/564 200/562/562
f 201/565/565 195/567/567 196/568/568 202/566/566
f 203/569/569 205/571/571 206/572/572 204/570/570
f 205/573/573 207/575/575 208/576/576 206/574/574
f 207/577/577 209/579/579 210/580/580 208/578/578
f 209/581/581 203/583/583 204/584/584 210/582/582
f 211/585/585 213/587/587 214/588/588 212/586/586
f 213/589/589 215/591/591 216/592/592 214/590/590
f 215/593/593 217/595/595 218/596/596 216/594/594
f 217/597/597 211/599/599 212/600/600 218/598/598
f 219/601/601 221/603/603 222/604/604 220/602/602
f 221/605/605 223/607/607 224/608/608 222/606/606
f 223/609/609 225/611/611 226/612/612 224/610/610
f 225/613/613 219/615/615 220/616/616 226/614/614
f 227/617/617 229/619/619 230/620/620 228/618/618
f 229/621/621 231/623/623 232/624/624 230/622/622
f 231/625/625 233/627/627 234/628/628 232/626/626
f 233/629/629 227/631/631 228/632/632 234/630/630
f 207/647/647 205/646/646 185/636/636
f 219/653/653 185/636/636 205/646/646
f 183/635/635 207/647/647 185/636/636
f 185/636/636 219/653/653 225/656/656
f 185/636/636 197/642/642 195/641/641
f 197/642/642 185/636/636 225/656/656
f 199/643/643 197/642/642 225/656/656
f 195/641/641 231/659/659 185/636/636
f 221/654/654 219/653/653 205/646/646
f 203/645/645 209/648/648 183/635/635
f 207/647/647 183/635/635 209/648/648
f 221/654/654 203/645/645 183/635/635
f 183/635/635 223/655/655 221/654/654
f 183/635/635 201/644/644 199/643/643
f 199/643/643 225/656/656 223/655/655
f 183/635/635 199/643/643 223/655/655
f 221/654/654 205/646/646 203/645/645
f 233/660/660 201/644/644 183/635/635
f 201/644/644 231/659/659 195/641/641
f 179/633/633 231/659/659 229/658/658
f 179/633/633 229/658/658 213/650/650
f 227/657/657 213/650/650 229/658/658
f 187/637/637 179/633/633 211/649/649
f 213/650/650 211/649/649 179/633/633
f 179/633/633 187/637/637 193/640/640
f 193/640/640 191/639/639 179/633/633
f 217/652/652 187/637/637 211/649/649
f 179/633/633 185/636/636 231/659/659
f 181/634/634 227/657/657 233/660/660
f 213/650/650 227/657/657 215/651/651
f 181/634/634 215/651/651 227/657/657
f 181/634/634 189/638/638 217/652/652
f 187/637/637 217/652/652 189/638/638
f 189/638/638 181/634/634 191/639/639
f 179/633/633 191/639/639 181/634/634
f 215/651/651 181/634/634 217/652/652
f 183/635/635 181/634/634 233/660/660
f 201/644/644 233/660/660 231/659/659
f 208/675/675 186/664/664 206/674/674
f 220/681/681 206/674/674 186/664/664
f 184/663/663 186/664/664 208/675/675
f 186/664/664 226/684/684 220/681/681
f 186/664/664 196/669/669 198/670/670
f 198/670/670 226/684/684 186/664/664
f 200/671/671 226/684/684 198/670/670
f 196/669/669 186/664/664 232/687/687
f 222/682/682 206/674/674 220/681/681
f 204/673/673 184/663/663 210/676/676
f 208/675/675 210/676/676 184/663/663
f 222/682/682 184/663/663 204/673/673
f 184/663/663 222/682/682 224/683/683
f 184/663/663 200/671/671 202/672/672
f 200/671/671 224/683/683 226/684/684
f 184/663/663 224/683/683 200/671/671
f 222/682/682 204/673/673 206/674/674
f 234/688/688 184/663/663 202/672/672
f 202/672/672 196/669/669 232/687/687
f 180/661/661 230/686/686 232/687/687
f 180/661/661 214/678/678 230/686/686
f 228/685/685 230/686/686 214/678/678
f 188/665/665 212/677/677 180/661/661
f 214/678/678 180/661/661 212/677/677
f 180/661/661 194/668/668 188/665/665
f 194/668/668 180/661/661 192/667/667
f 218/680/680 212/677/677 188/665/665
f 180/661/661 232/687/687 186/664/664
f 182/662/662 234/688/688 228/685/685
f 214/678/678 216/679/679 228/685/685
f 182/662/662 228/685/685 216/679/679
f 182/662/662 218/680/680 190/666/666
f 188/665/665 190/666/666 218/680/680
f 190/666/666 192/667/667 182/662/662
f 180/661/661 182/662/662 192/667/667
f 216/679/679 218/680/680 182/662/662
f 184/663/663 234/688/688 182/662/662
f 202/672/672 232/687/687 234/688/688
o window
usemtl diffuse_200_0_0_255
v -378.1690673828125 347.59353637695313 -140.17581176757813
v -378.1690673828125 347.59353637695313 -130.17581176757813
v -378.1690673828125 550 -140.17581176757813
v -378.1690673828125 550 -130.17581176757813
v -1100.1690673828125 550 -140.17581176757813
v -1100.1690673828125 550 -130.17581176757813
v -1100.1690673828125 347.59353637695313 -140.17581176757813
v -1100.1690673828125 347.59353637695313 -130.17581176757813
v -497.6690673828125 352.6536865234375 -140.17581176757813
v -497.6690673828125 352.6536865234375 -130.17581176757813
v -497.6690673828125 544.9398193359375 -140.17581176757813
v -497.6690673828125 544.9398193359375 -130.17581176757813
v -383.1690673828125 544.9398193359375 -140.17581176757813
v -383.1690673828125 544.9398193359375 -130.17581176757813
v -383.1690673828125 352.6536865234375 -140.17581176757813
v -383.1690673828125 352.6536865234375 -130.17581176757813
v -741.6690673828125 352.6536865234375 -140.17581176757813
v -741.6690673828125 352.6536865234375 -130.17581176757813
v -856.1690673828125 352.6536865234375 -140.17581176757813
v -856.1690673828125 352.6536865234375 -130.17581176757813
v -856.1690673828125 544.9398193359375 -140.17581176757813
v -856.1690673828125 544.9398193359375 -130.17581176757813
v -741.6690673828125 544.9398193359375 -140.17581176757813
v -741.6690673828125 544.9398193359375 -130.17581176757813
v -980.6690673828125 544.9398193359375 -140.17581176757813
v -980.6690673828125 544.9398193359375 -130.17581176757813
v -980.6690673828125 352.6536865234375 -140.17581176757813
v -980.6690673828125 352.6536865234375 -130.17581176757813
v -1095.1690673828125 352.6536865234375 -140.17581176757813
v -1095.1690673828125 352.6536865234375 -130.17581176757813
v -1095.1690673828125 544.9398193359375 -140.17581176757813
v -1095.1690673828125 544.9398193359375 -130.17581176757813
v -502.6690673828125 352.6536865234375 -140.17581176757813
v -502.6690673828125 352.6536865234375 -130.17581176757813
v -617.1690673828125 352.6536865234375 -140.17581176757813
v -617.1690673828125 352.6536865234375 -130.17581176757813
v -617.1690673828125 544.9398193359375 -140.17581176757813
v -617.1690673828125 544.9398193359375 -130.17581176757813
v -502.6690673828125 544.9398193359375 -140.17581176757813
v -502.6690673828125 544.9398193359375 -130.17581176757813
v -975.6690673828125 352.6536865234375 -140.17581176757813
v -975.6690673828125 352.6536865234375 -130.17581176757813
v -975.6690673828125 544.9398193359375 -140.17581176757813
v -975.6690673828125 544.9398193359375 -130.17581176757813
v -861.1690673828125 544.9398193359375 -140.17581176757813
v -861.1690673828125 544.9398193359375 -130.17581176757813
v -861.1690673828125 352.6536865234375 -140.17581176757813
v -861.1690673828125 352.6536865234375 -130.17581176757813
v -622.1690673828125 544.9398193359375 -140.17581176757813
v -622.1690673828125 544.9398193359375 -130.17581176757813
v -622.1690673828125 352.6536865234375 -140.17581176757813
v -622.1690673828125 352.6536865234375 -130.17581176757813
v -736.6690673828125 352.6536865234375 -140.17581176757813
v -736.6690673828125 352.6536865234375 -130.17581176757813
v -736.6690673828125 544.9398193359375 -140.17581176757813
v -736.6690673828125 544.9398193359375 -130.17581176757813
vt 0 0
vt 0 0.51205337047576904
vt 0.036376863718032837 0
vt 0.036376863718032837 0.51205337047576904
vt 0.036376863718032837 0
vt 0.036376863718032837 0.51205337047576904
vt 0.16769734025001526 0
vt 0.16769734025001526 0.51205337047576904
vt 0.16769734025001526 0
vt 0.16769734025001526 0.51205337047576904
vt 0.2040742039680481 0
vt 0.2040742039680481 0.51205337047576904
vt 0.2040742039680481 0
vt 0.2040742039680481 0.51205337047576904
vt 0.33539468050003052 0
vt 0.33539468050003052 0.51205337047576904
vt 0.33539468050003052 0
vt 0.33539468050003052 0.51205337047576904
vt 0.36995270848274231 0
vt 0.36995270848274231 0.51205337047576904
vt 0.36995270848274231 0
vt 0.36995270848274231 0.51205337047576904
vt 0.39077845215797424 0
vt 0.39077845215797424 0.51205337047576904
vt 0.39077845215797424 0
vt 0.39077845215797424 0.51205337047576904
vt 0.42533648014068604 0
vt 0.42533648014068604 0.51205337047576904
vt 0.42533648014068604 0
vt 0.42533648014068604 0.51205337047576904
vt 0.44616225361824036 0
vt 0.44616225361824036 0.51205337047576904
vt 0.44616225361824036 0
vt 0.44616225361824036 0.51205337047576904
vt 0.46698799729347229 0
vt 0.46698799729347229 0.51205337047576904
vt 0.46698799729347229 0
vt 0.46698799729347229 0.51205337047576904
vt 0.50154602527618408 0
vt 0.50154602527618408 0.51205337047576904
vt 0.50154602527618408 0
vt 0.50154602527618408 0.51205337047576904
vt 0.52237176895141602 0
vt 0.52237176895141602 0.51205337047576904
vt 0.52237176895141602 0
vt 0.52237176895141602 0.51205337047576904
vt 0.55692976713180542 0
vt 0.55692976713180542 0.51205337047576904
vt 0.55692976713180542 0
vt 0.55692976713180542 0.51205337047576904
vt 0.5914878249168396 0
vt 0.5914878249168396 0.51205337047576904
vt 0.5914878249168396 0
vt 0.5914878249168396 0.51205337047576904
vt 0.61231356859207153 0
vt 0.61231356859207153 0.51205337047576904
vt 0.61231356859207153 0
vt 0.61231356859207153 0.51205337047576904
vt 0.64687156677246094 0
vt 0.64687156677246094 0.51205337047576904
vt 0.64687156677246094 0
vt 0.64687156677246094 0.51205337047576904
vt 0.66769737005233765 0
vt 0.66769737005233765 0.51205337047576904
vt 0.66769737005233765 0
vt 0.66769737005233765 0.51205337047576904
vt 0.68852311372756958 0
vt 0.68852311372756958 0.51205337047576904
vt 0.68852311372756958 0
vt 0.68852311372756958 0.51205337047576904
vt 0.72308111190795898 0
vt 0.72308111190795898 0.51205337047576904
vt 0.72308111190795898 0
vt 0.72308111190795898 0.51205337047576904
vt 0.74390685558319092 0
vt 0.74390685558319092 0.51205337047576904
vt 0.74390685558319092 0
vt 0.74390685558319092 0.51205337047576904
vt 0.7784649133682251 0
vt 0.7784649133682251 0.51205337047576904
vt 0.7784649133682251 0
vt 0.7784649133682251 0.51205337047576904
vt 0.8130229115486145 0
vt 0.8130229115486145 0.51205337047576904
vt 0.8130229115486145 0
vt 0.8130229115486145 0.51205337047576904
vt 0.83384865522384644 0
vt 0.83384865522384644 0.51205337047576904
vt 0.83384865522384644 0
vt 0.83384865522384644 0.51205337047576904
vt 0.86840671300888062 0
vt 0.86840671300888062 0.51205337047576904
vt 0.86840671300888062 0
vt 0.86840671300888062 0.51205337047576904
vt 0.88923245668411255 0
vt 0.88923245668411255 0.51205337047576904
vt 0.88923245668411255 0
vt 0.88923245668411255 0.51205337047576904
vt 0.92379045486450195 0
vt 0.92379045486450195 0.51205337047576904
vt 0.92379045486450195 0
vt 0.92379045486450195 0.51205337047576904
vt 0.94461619853973389 0
vt 0.94461619853973389 0.51205337047576904
vt 0.94461619853973389 0
vt 0.94461619853973389 0.51205337047576904
vt 0.97917425632476807 0
vt 0.97917425632476807 0.51205337047576904
vt 0.97917425632476807 0
vt 0.97917425632476807 0.51205337047576904
vt 1 0
vt 1 0.51205337047576904
vt 0.13055475056171417 1
vt 0.13055475056171417 0.51205384731292725
vt 0 0.51205384731292725
vt 0 1
vt 0.10894631594419479 0.98780137300491333
vt 0.10894631594419479 0.52425253391265869
vt 0.12965063750743866 0.52425253391265869
vt 0.12965063750743866 0.98780137300491333
vt 0.06482531875371933 0.98780137300491333
vt 0.044120997190475464 0.98780137300491333
vt 0.044120997190475464 0.52425253391265869
vt 0.06482531875371933 0.52425253391265869
vt 0.021608440205454826 0.52425253391265869
vt 0.021608440205454826 0.98780137300491333
vt 0.00090411881683394313 0.98780137300491333
vt 0.00090411881683394313 0.52425253391265869
vt 0.10804219543933868 0.98780137300491333
vt 0.087337873876094818 0.98780137300491333
vt 0.087337873876094818 0.52425253391265869
vt 0.10804219543933868 0.52425253391265869
vt 0.022512558847665787 0.98780137300491333
vt 0.022512558847665787 0.52425253391265869
vt 0.043216880410909653 0.52425253391265869
vt 0.043216880410909653 0.98780137300491333
vt 0.086433760821819305 0.52425253391265869
vt 0.086433760821819305 0.98780137300491333
vt 0.065729439258575439 0.98780137300491333
vt 0.065729439258575439 0.52425253391265869
vt 0.13055475056171417 0.51205384731292725
vt 0.13055475056171417 1
vt 0 1
vt 0 0.51205384731292725
vt 0.10894631594419479 0.52425253391265869
vt 0.10894631594419479 0.98780137300491333
vt 0.12965063750743866 0.98780137300491333
vt 0.12965063750743866 0.52425253391265869
vt 0.06482531875371933 0.52425253391265869
vt 0.044120997190475464 0.52425253391265869
vt 0.044120997190475464 0.98780137300491333
vt 0.06482531875371933 0.98780137300491333
vt 0.021608440205454826 0.98780137300491333
vt 0.021608440205454826 0.52425253391265869
vt 0.00090411881683394313 0.52425253391265869
vt 0.00090411881683394313 0.98780137300491333
vt 0.10804219543933868 0.52425253391265869
vt 0.087337873876094818 0.52425253391265869
vt 0.087337873876094818 0.98780137300491333
vt 0.10804219543933868 0.98780137300491333
vt 0.022512558847665787 0.52425253391265869
vt 0.022512558847665787 0.98780137300491333
vt 0.043216880410909653 0.98780137300491333
vt 0.043216880410909653 0.52425253391265869
vt 0.086433760821819305 0.98780137300491333
vt 0.086433760821819305 0.52425253391265869
vt 0.065729439258575439 0.52425253391265869
vt 0.065729439258575439 0.98780137300491333
vn 1 0 0
vn 1 0 0
vn 1 0 0
vn 1 0 0
vn 0 1 0
vn 0 1 0
vn 0 1 0
vn 0 1 0
vn -1 0 0
vn -1 0 0
vn -1 0 0
vn -1 0 0
vn 0 -1 0
vn 0 -1 0
vn 0 -1 0
vn 0 -1 0
vn 1 0 0
vn 1 0 0
vn 1 0 0
vn 1 0 0
vn 0 -1 0
vn 0 -1 0
vn 0 -1 0
vn 0 -1 0
vn -1 0 0
vn -1 0 0
vn -1 0 0
vn -1 0 0
vn 0 1 0
vn 0 1 0
vn 0 1 0
vn 0 1 0
vn 0 1 0
vn 0 1 0
vn 0 1 0
vn 0 1 0
vn 1 0 0
vn 1 0 0
vn 1 0 0
vn 1 0 0
vn 0 -1 0
vn 0 -1 0
vn 0 -1 0
vn 0 -1 0
vn -1 0 0
vn -1 0 0
vn -1 0 0
vn -1 0 0
vn -1 0 0
vn -1 0 0
vn -1 0 0
vn -1 0 0
vn 0 1 0
vn 0 1 0
vn 0 1 0
vn 0 1 0
vn 1 0 0
vn 1 0 0
vn 1 0 0
vn 1 0 0
vn 0 -1 0
vn 0 -1 0
vn 0 -1 0
vn 0 -1 0
vn 0 1 0
vn 0 1 0
vn 0 1 0
vn 0 1 0
vn 1 0 0
vn 1 0 0
vn 1 0 0
vn 1 0 0
vn 0 -1 0
vn 0 -1 0
vn 0 -1 0
vn 0 -1 0
vn -1 0 0
vn -1 0 0
vn -1 0 0
vn -1 0 0
vn 1 0 0
vn 1 0 0
vn 1 0 0
vn 1 0 0
vn 0 -1 0
vn 0 -1 0
vn 0 -1 0
vn 0 -1 0
vn -1 0 0
vn -1 0 0
vn -1 0 0
vn -1 0 0
vn 0 1 0
vn 0 1 0
vn 0 1 0
vn 0 1 0
vn -1 0 0
vn -1 0 0
vn -1 0 0
vn -1 0 0
vn 0 1 0
vn 0 1 0
vn 0 1 0
vn 0 1 0
vn 1 0 0
vn 1 0 0
vn 1 0 0
vn 1 0 0
vn 0 -1 0
vn 0 -1 0
vn 0 -1 0
vn 0 -1 0
vn 0 0 -1
vn 0 0 -1
vn 0 0 -1
vn 0 0 -1
vn 0 0 -1
vn 0 0 -1
vn 0 0 -1
vn 0 0 -1
vn 0 0 -1
vn 0 0 -1
vn 0 0 -1
vn 0 0 -1
vn 0 0 -1
vn 0 0 -1
vn 0 0 -1
vn 0 0 -1
vn 0 0 -1
vn 0 0 -1
vn 0 0 -1
vn 0 0 -1
vn 0 0 -1
vn 0 0 -1
vn 0 0 -1
vn 0 0 -1
vn 0 0 -1
vn 0 0 -1
vn 0 0 -1
vn 0 0 -1
vn 0 0 1
vn 0 0 1
vn 0 0 1
vn 0 0 1
vn 0 0 1
vn 0 0 1
vn 0 0 1
vn 0 0 1
vn 0 0 1
vn 0 0 1
vn 0 0 1
vn 0 0 1
vn 0 0 1
vn 0 0 1
vn 0 0 1
vn 0 0 1
vn 0 0 1
vn 0 0 1
vn 0 0 1
vn 0 0 1
vn 0 0 1
vn 0 0 1
vn 0 0 1
vn 0 0 1
vn 0 0 1
vn 0 0 1
vn 0 0 1
vn 0 0 1
f 235/689/689 237/691/691 238/692/692 236/690/690
f 237/693/693 239/695/695 240/696/696 238/694/694
f 239/697/697 241/699/699 242/700/700 240/698/698
f 241/701/701 235/703/703 236/704/704 242/702/702
f 243/705/705 245/707/707 246/708/708 244/706/706
f 245/709/709 247/711/711 248/712/712 246/710/710
f 247/713/713 249/715/715 250/716/716 248/714/714
f 249/717/717 243/719/719 244/720/720 250/718/718
f 251/721/721 253/723/723 254/724/724 252/722/722
f 253/725/725 255/727/727 256/728/728 254/726/726
f 255/729/729 257/731/731 258/732/732 256/730/730
f 257/733/733 251/735/735 252/736/736 258/734/734
f 259/737/737 261/739/739 262/740/740 260/738/738
f 261/741/741 263/743/743 264/744/744 262/742/742
f 263/745/745 265/747/747 266/748/748 264/746/746
f 265/749/749 259/751/751 260/752/752 266/750/750
f 267/753/753 269/755/755 270/756/756 268/754/754
f 269/757/757 271/759/759 272/760/760 270/758/758
f 271/761/761 273/763/763 274/764/764 272/762/762
f 273/765/765 267/767/767 268/768/768 274/766/766
f 275/769/769 277/771/771 278/772/772 276/770/770
f 277/773/773 279/775/775 280/776/776 278/774/774
f 279/777/777 281/779/779 282/780/780 280/778/778
f 281/781/781 275/783/783 276/784/784 282/782/782
f 283/785/785 285/787/787 286/788/788 284/786/786
f 285/789/789 287/791/791 288/792/792 286/790/790
f 287/793/793 289/795/795 290/796/796 288/794/794
f 289/797/797 283/799/799 284/800/800 290/798/798
f 263/815/815 261/814/814 241/804/804
f 275/821/821 241/804/804 261/814/814
f 239/803/803 263/815/815 241/804/804
f 241/804/804 275/821/821 281/824/824
f 241/804/804 253/810/810 251/809/809
f 253/810/810 241/804/804 281/824/824
f 255/811/811 253/810/810 281/824/824
f 251/809/809 287/827/827 241/804/804
f 277/822/822 275/821/821 261/814/814
f 259/813/813 265/816/816 239/803/803
f 263/815/815 239/803/803 265/816/816
f 277/822/822 259/813/813 239/803/803
f 239/803/803 279/823/823 277/822/822
f 239/803/803 257/812/812 255/811/811
f 255/811/811 281/824/824 279/823/823
f 239/803/803 255/811/811 279/823/823
f 277/822/822 261/814/814 259/813/813
f 289/828/828 257/812/812 239/803/803
f 257/812/812 287/827/827 251/809/809
f 235/801/801 287/827/827 285/826/826
f 235/801/801 285/826/826 269/818/818
f 283/825/825 269/818/818 285/826/826
f 243/805/805 235/801/801 267/817/817
f 269/818/818 267/817/817 235/801/801
f 235/801/801 243/805/805 249/808/808
f 249/808/808 247/807/807 235/801/801
f 273/820/820 243/805/805 267/817/817
f 235/801/801 241/804/804 287/827/827
f 237/802/802 283/825/825 289/828/828
f 269/818/818 283/825/825 271/819/819
f 237/802/802 271/819/819 283/825/825
f 237/802/802 245/806/806 273/820/820
f 243/805/805 273/820/820 245/806/806
f 245/806/806 237/802/802 247/807/807
f 235/801/801 247/807/807 237/802/802
f 271/819/819 237/802/802 273/820/820
f 239/803/803 237/802/802 289/828/828
f 257/812/812 289/828/828 287/827/827
f 264/843/843 242/832/832 262/842/842
f 276/849/849 262/842/842 242/832/832
f 240/831/831 242/832/832 264/843/843
f 242/832/832 282/852/852 276/849/849
f 242/832/832 252/837/837 254/838/838
f 254/838/838 282/852/852 242/832/832
f 256/839/839 282/852/852 254/838/838
f 252/837/837 242/832/832 288/855/855
f 278/850/850 262/842/842 276/849/849
f 260/841/841 240/831/831 266/844/844
f 264/843/843 266/844/844 240/831/831
f 278/850/850 240/831/831 260/841/841
f 240/831/831 278/850/850 280/851/851
f 240/831/831 256/839/839 258/840/840
f 256/839/839 280/851/851 282/852/852
f 240/831/831 280/851/851 256/839/839
f 278/850/850 260/841/841 262/842/842
f 290/856/856 240/831/831 258/840/840
f 258/840/840 252/837/837 288/855/855
f 236/829/829 286/854/854 288/855/855
f 236/829/829 270/846/846 286/854/854
f 284/853/853 286/854/854 270/846/846
f 244/833/833 268/845/845 236/829/829
f 270/846/846 236/829/829 268/845/845
f 236/829/829 250/836/836 244/833/833
f 250/836/836 236/829/829 248/835/835
f 274/848/848 268/845/845 244/833/833
f 236/829/829 288/855/855 242/832/832
f 238/830/830 290/856/856 284/853/853
f 270/846/846 272/847/847 284/853/853
f 238/830/830 284/853/853 272/847/847
f 238/830/830 274/848/848 246/834/834
f 244/833/833 246/834/834 274/848/848
f 246/834/834 248/835/835 238/830/830
f 236/829/829 238/830/830 248/835/835
f 272/847/847 274/848/848 238/830/830
f 240/831/831 290/856/856 238/830/830
f 258/840/840 288/855/855 290/856/856
g ceiling
o ceiling - pillars
usemtl diffuse_0_0_0_255
v -170.16905212402344 300 -130.17581176757813
v -170.16905212402344 330 -130.17581176757813
v -170.16905212402344 300 1209.82421875
v -170.16905212402344 330 1209.82421875
v 169.83094787597656 300 1209.82421875
v 169.83094787597656 330 1209.82421875
v 169.83094787597656 300 -130.17581176757813
v 169.83094787597656 330 -130.17581176757813
vt 0 0
vt 0 0.52112650871276855
vt 0.4110429584980011 0
vt 0.4110429584980011 0.52112650871276855
vt 0.4110429584980011 0
vt 0.4110429584980011 0.52112650871276855
vt 0.5 0
vt 0.5 0.52112650871276855
vt 0.5 0
vt 0.5 0.52112650871276855
vt 0.91104292869567871 0
vt 0.91104292869567871 0.52112650871276855
vt 0.91104292869567871 0
vt 0.91104292869567871 0.52112650871276855
vt 1 0
vt 1 0.52112650871276855
vt 0 1
vt 0.3988095223903656 1
vt 0.3988095223903656 0.52112698554992676
vt 0 0.52112698554992676
vt 0.60119044780731201 0.52112698554992676
vt 1 0.52112698554992676
vt 1 1
vt 0.60119044780731201 1
vn -1 0 0
vn -1 0 0
vn -1 0 0
vn -1 0 0
vn 0 0 1
vn 0 0 1
vn 0 0 1
vn 0 0 1
vn 1 0 0
vn 1 0 0
vn 1 0 0
vn 1 0 0
vn 0 0 -1
vn 0 0 -1
vn 0 0 -1
vn 0 0 -1
vn 0 -1 0
vn 0 -1 0
vn 0 -1 0
vn 0 -1 0
vn 0 1 0
vn 0 1 0
vn 0 1 0
vn 0 1 0
f 291/857/857 293/859/859 294/860/860 292/858/858
f 293/861/861 295/863/863 296/864/864 294/862/862
f 295/865/865 297/867/867 298/868/868 296/866/866
f 297/869/869 291/871/871 292/872/872 298/870/870
f 293/874/874 291/873/873 297/876/876
f 297/876/876 295/875/875 293/874/874
f 294/878/878 298/880/880 292/877/877
f 298/880/880 294/878/878 296/879/879
g pilars
o pillars
usemtl diffuse_255_255_255_255
v 124.83094787597656 0 1189.82421875
v 124.83094787597656 300 1189.82421875
v 144.83094787597656 0 1189.82421875
v 144.83094787597656 300 1189.82421875
v 144.83094787597656 0 1169.82421875
v 144.83094787597656 300 1169.82421875
v 124.83094787597656 0 1169.82421875
v 124.83094787597656 300 1169.82421875
vt 0 0
vt 0 1
vt 0.20833316445350647 0
vt 0.20833316445350647 1
vt 0.20833316445350647 0
vt 0.20833316445350647 1
vt 0.41666632890701294 0
vt 0.41666632890701294 1
vt 0.41666632890701294 0
vt 0.41666632890701294 1
vt 0.62499946355819702 0
vt 0.62499946355819702 1
vt 0.62499946355819702 0
vt 0.62499946355819702 1
vt 0.83333265781402588 0
vt 0.83333265781402588 1
vt 0.83333349227905273 0.066666670143604279
vt 1 0.066666670143604279
vt 1 0
vt 0.83333349227905273 0
vt 0.83333349227905273 0.93333333730697632
vt 1 0.93333333730697632
vt 1 1
vt 0.83333349227905273 1
vn 0 0 1
vn 0 0 1
vn 0 0 1
vn 0 0 1
vn 1 0 0
vn 1 0 0
vn 1 0 0
vn 1 0 0
vn 0 0 -1
vn 0 0 -1
vn 0 0 -1
vn 0 0 -1
vn -1 0 0
vn -1 0 0
vn -1 0 0
vn -1 0 0
vn 0 -1 0
vn 0 -1 0
vn 0 -1 0
vn 0 -1 0
vn 0 1 0
vn 0 1 0
vn 0 1 0
vn 0 1 0
f 299/881/881 301/883/883 302/884/884 300/882/882
f 301/885/885 303/887/887 304/888/888 302/886/886
f 303/889/889 305/891/891 306/892/892 304/890/890
f 305/893/893 299/895/895 300/896/896 306/894/894
f 301/898/898 299/897/897 305/900/900
f 305/900/900 303/899/899 301/898/898
f 302/902/902 306/904/904 300/901/901
f 306/904/904 302/902/902 304/903/903
o pillars
usemtl diffuse_255_255_255_255
v -145.16905212402344 0 969.82415771484375
v -145.16905212402344 300 969.82415771484375
v -125.16905212402344 0 969.82415771484375
v -125.16905212402344 300 969.82415771484375
v -125.16905212402344 0 949.82415771484375
v -125.16905212402344 300 949.82415771484375
v -145.16905212402344 0 949.82415771484375
v -145.16905212402344 300 949.82415771484375
vt 0 0
vt 0 1
vt 0.20833316445350647 0
vt 0.20833316445350647 1
vt 0.20833316445350647 0
vt 0.20833316445350647 1
vt 0.41666632890701294 0
vt 0.41666632890701294 1
vt 0.41666632890701294 0
vt 0.41666632890701294 1
vt 0.62499946355819702 0
vt 0.62499946355819702 1
vt 0.62499946355819702 0
vt 0.62499946355819702 1
vt 0.83333265781402588 0
vt 0.83333265781402588 1
vt 0.83333349227905273 0.066666670143604279
vt 1 0.066666670143604279
vt 1 0
vt 0.83333349227905273 0
vt 0.83333349227905273 0.93333333730697632
vt 1 0.93333333730697632
vt 1 1
vt 0.83333349227905273 1
vn 0 0 1
vn 0 0 1
vn 0 0 1
vn 0 0 1
vn 1 0 0
vn 1 0 0
vn 1 0 0
vn 1 0 0
vn 0 0 -1
vn 0 0 -1
vn 0 0 -1
vn 0 0 -1
vn -1 0 0
vn -1 0 0
vn -1 0 0
vn -1 0 0
vn 0 -1 0
vn 0 -1 0
vn 0 -1 0
vn 0 -1 0
vn 0 1 0
vn 0 1 0
vn 0 1 0
vn 0 1 0
f 307/905/905 309/907/907 310/908/908 308/906/906
f 309/909/909 311/911/911 312/912/912 310/910/910
f 311/913/913 313/915/915 314/916/916 312/914/914
f 313/917/917 307/919/919 308/920/920 314/918/918
f 309/922/922 307/921/921 313/924/924
f 313/924/924 311/923/923 309/922/922
f 310/926/926 314/928/928 308/925/925
f 314/928/928 310/926/926 312/927/927
o pillars
usemtl diffuse_255_255_255_255
v 124.83094787597656 0 969.82415771484375
v 124.83094787597656 300 969.82415771484375
v 144.83094787597656 0 969.82415771484375
v 144.83094787597656 300 969.82415771484375
v 144.83094787597656 0 949.82415771484375
v 144.83094787597656 300 949.82415771484375
v 124.83094787597656 0 949.82415771484375
v 124.83094787597656 300 949.82415771484375
vt 0 0
vt 0 1
vt 0.20833316445350647 0
vt 0.20833316445350647 1
vt 0.20833316445350647 0
vt 0.20833316445350647 1
vt 0.41666632890701294 0
vt 0.41666632890701294 1
vt 0.41666632890701294 0
vt 0.41666632890701294 1
vt 0.62499946355819702 0
vt 0.62499946355819702 1
vt 0.62499946355819702 0
vt 0.62499946355819702 1
vt 0.83333265781402588 0
vt 0.83333265781402588 1
vt 0.83333349227905273 0.066666670143604279
vt 1 0.066666670143604279
vt 1 0
vt 0.83333349227905273 0
vt 0.83333349227905273 0.93333333730697632
vt 1 0.93333333730697632
vt 1 1
vt 0.83333349227905273 1
vn 0 0 1
vn 0 0 1
vn 0 0 1
vn 0 0 1
vn 1 0 0
vn 1 0 0
vn 1 0 0
vn 1 0 0
vn 0 0 -1
vn 0 0 -1
vn 0 0 -1
vn 0 0 -1
vn -1 0 0
vn -1 0 0
vn -1 0 0
vn -1 0 0
vn 0 -1 0
vn 0 -1 0
vn 0 -1 0
vn 0 -1 0
vn 0 1 0
vn 0 1 0
vn 0 1 0
vn 0 1 0
f 315/929/929 317/931/931 318/932/932 316/930/930
f 317/933/933 319/935/935 320/936/936 318/934/934
f 319/937/937 321/939/939 322/940/940 320/938/938
f 321/941/941 315/943/943 316/944/944 322/942/942
f 317/946/946 315/945/945 321/948/948
f 321/948/948 319/947/947 317/946/946
f 318/950/950 322/952/952 316/949/949
f 322/952/952 318/950/950 320/951/951
o pillars
usemtl diffuse_255_255_255_255
v 124.83094787597656 0 749.82415771484375
v 124.83094787597656 300 749.82415771484375
v 144.83094787597656 0 749.82415771484375
v 144.83094787597656 300 749.82415771484375
v 144.83094787597656 0 729.82415771484375
v 144.83094787597656 300 729.82415771484375
v 124.83094787597656 0 729.82415771484375
v 124.83094787597656 300 729.82415771484375
vt 0 0
vt 0 1
vt 0.20833316445350647 0
vt 0.20833316445350647 1
vt 0.20833316445350647 0
vt 0.20833316445350647 1
vt 0.41666632890701294 0
vt 0.41666632890701294 1
vt 0.41666632890701294 0
vt 0.41666632890701294 1
vt 0.62499946355819702 0
vt 0.62499946355819702 1
vt 0.62499946355819702 0
vt 0.62499946355819702 1
vt 0.83333265781402588 0
vt 0.83333265781402588 1
vt 0.83333349227905273 0.066666670143604279
vt 1 0.066666670143604279
vt 1 0
vt 0.83333349227905273 0
vt 0.83333349227905273 0.93333333730697632
vt 1 0.93333333730697632
vt 1 1
vt 0.83333349227905273 1
vn 0 0 1
vn 0 0 1
vn 0 0 1
vn 0 0 1
vn 1 0 0
vn 1 0 0
vn 1 0 0
vn 1 0 0
vn 0 0 -1
vn 0 0 -1
vn 0 0 -1
vn 0 0 -1
vn -1 0 0
vn -1 0 0
vn -1 0 0
vn -1 0 0
vn 0 -1 0
vn 0 -1 0
vn 0 -1 0
vn 0 -1 0
vn 0 1 0
vn 0 1 0
vn 0 1 0
vn 0 1 0
f 323/953/953 325/955/955 326/956/956 324/954/954
f 325/957/957 327/959/959 328/960/960 326/958/958
f 327/961/961 329/963/963 330/964/964 328/962/962
f 329/965/965 323/967/967 324/968/968 330/966/966
f 325/970/970 323/969/969 329/972/972
f 329/972/972 327/971/971 325/970/970
f 326/974/974 330/976/976 324/973/973
f 330/976/976 326/974/974 328/975/975
o pillars
usemtl diffuse_255_255_255_255
v -145.16905212402344 0 749.82415771484375
v -145.16905212402344 300 749.82415771484375
v -125.16905212402344 0 749.82415771484375
v -125.16905212402344 300 749.82415771484375
v -125.16905212402344 0 729.82415771484375
v -125.16905212402344 300 729.82415771484375
v -145.16905212402344 0 729.82415771484375
v -145.16905212402344 300 729.82415771484375
vt 0 0
vt 0 1
vt 0.20833316445350647 0
vt 0.20833316445350647 1
vt 0.20833316445350647 0
vt 0.20833316445350647 1
vt 0.41666632890701294 0
vt 0.41666632890701294 1
vt 0.41666632890701294 0
vt 0.41666632890701294 1
vt 0.62499946355819702 0
vt 0.62499946355819702 1
vt 0.62499946355819702 0
vt 0.62499946355819702 1
vt 0.83333265781402588 0
vt 0.83333265781402588 1
vt 0.83333349227905273 0.066666670143604279
vt 1 0.066666670143604279
vt 1 0
vt 0.83333349227905273 0
vt 0.83333349227905273 0.93333333730697632
vt 1 0.93333333730697632
vt 1 1
vt 0.83333349227905273 1
vn 0 0 1
vn 0 0 1
vn 0 0 1
vn 0 0 1
vn 1 0 0
vn 1 0 0
vn 1 0 0
vn 1 0 0
vn 0 0 -1
vn 0 0 -1
vn 0 0 -1
vn 0 0 -1
vn -1 0 0
vn -1 0 0
vn -1 0 0
vn -1 0 0
vn 0 -1 0
vn 0 -1 0
vn 0 -1 0
vn 0 -1 0
vn 0 1 0
vn 0 1 0
vn 0 1 0
vn 0 1 0
f 331/977/977 333/979/979 334/980/980 332/978/978
f 333/981/981 335/983/983 336/984/984 334/982/982
f 335/985/985 337/987/987 338/988/988 336/986/986
f 337/989/989 331/991/991 332/992/992 338/990/990
f 333/994/994 331/993/993 337/996/996
f 337/996/996 335/995/995 333/994/994
f 334/998/998 338/1000/1000 332/997/997
f 338/1000/1000 334/998/998 336/999/999
o pillars
usemtl diffuse_255_255_255_255
v -145.16905212402344 0 529.82415771484375
v -145.16905212402344 300 529.82415771484375
v -125.16905212402344 0 529.82415771484375
v -125.16905212402344 300 529.82415771484375
v -125.16905212402344 0 509.82418823242188
v -125.16905212402344 300 509.82418823242188
v -145.16905212402344 0 509.82418823242188
v -145.16905212402344 300 509.82418823242188
vt 0 0
vt 0 1
vt 0.20833316445350647 0
vt 0.20833316445350647 1
vt 0.20833316445350647 0
vt 0.20833316445350647 1
vt 0.41666632890701294 0
vt 0.41666632890701294 1
vt 0.41666632890701294 0
vt 0.41666632890701294 1
vt 0.62499946355819702 0
vt 0.62499946355819702 1
vt 0.62499946355819702 0
vt 0.62499946355819702 1
vt 0.83333265781402588 0
vt 0.83333265781402588 1
vt 0.83333349227905273 0.066666670143604279
vt 1 0.066666670143604279
vt 1 0
vt 0.83333349227905273 0
vt 0.83333349227905273 0.93333333730697632
vt 1 0.93333333730697632
vt 1 1
vt 0.83333349227905273 1
vn 0 0 1
vn 0 0 1
vn 0 0 1
vn 0 0 1
vn 1 0 0
vn 1 0 0
vn 1 0 0
vn 1 0 0
vn 0 0 -1
vn 0 0 -1
vn 0 0 -1
vn 0 0 -1
vn -1 0 0
vn -1 0 0
vn -1 0 0
vn -1 0 0
vn 0 -1 0
vn 0 -1 0
vn 0 -1 0
vn 0 -1 0
vn 0 1 0
vn 0 1 0
vn 0 1 0
vn 0 1 0
f 339/1001/1001 341/1003/1003 342/1004/1004 340/1002/1002
f 341/1005/1005 343/1007/1007 344/1008/1008 342/1006/1006
f 343/1009/1009 345/1011/1011 346/1012/1012 344/1010/1010
f 345/1013/1013 339/1015/1015 340/1016/1016 346/1014/1014
f 341/1018/1018 339/1017/1017 345/1020/1020
f 345/1020/1020 343/1019/1019 341/1018/1018
f 342/1022/1022 346/1024/1024 340/1021/1021
f 346/1024/1024 342/1022/1022 344/1023/1023
o pillars
usemtl diffuse_255_255_255_255
v 124.83094787597656 0 529.82415771484375
v 124.83094787597656 300 529.82415771484375
v 144.83094787597656 0 529.82415771484375
v 144.83094787597656 300 529.82415771484375
v 144.83094787597656 0 509.82418823242188
v 144.83094787597656 300 509.82418823242188
v 124.83094787597656 0 509.82418823242188
v 124.83094787597656 300 509.82418823242188
vt 0 0
vt 0 1
vt 0.20833316445350647 0
vt 0.20833316445350647 1
vt 0.20833316445350647 0
vt 0.20833316445350647 1
vt 0.41666632890701294 0
vt 0.41666632890701294 1
vt 0.41666632890701294 0
vt 0.41666632890701294 1
vt 0.62499946355819702 0
vt 0.62499946355819702 1
vt 0.62499946355819702 0
vt 0.62499946355819702 1
vt 0.83333265781402588 0
vt 0.83333265781402588 1
vt 0.83333349227905273 0.066666670143604279
vt 1 0.066666670143604279
vt 1 0
vt 0.83333349227905273 0
vt 0.83333349227905273 0.93333333730697632
vt 1 0.93333333730697632
vt 1 1
vt 0.83333349227905273 1
vn 0 0 1
vn 0 0 1
vn 0 0 1
vn 0 0 1
vn 1 0 0
vn 1 0 0
vn 1 0 0
vn 1 0 0
vn 0 0 -1
vn 0 0 -1
vn 0 0 -1
vn 0 0 -1
vn -1 0 0
vn -1 0 0
vn -1 0 0
vn -1 0 0
vn 0 -1 0
vn 0 -1 0
vn 0 -1 0
vn 0 -1 0
vn 0 1 0
vn 0 1 0
vn 0 1 0
vn 0 1 0
f 347/1025/1025 349/1027/1027 350/1028/1028 348/1026/1026
f 349/1029/1029 351/1031/1031 352/1032/1032 350/1030/1030
f 351/1033/1033 353/1035/1035 354/1036/1036 352/1034/1034
f 353/1037/1037 347/1039/1039 348/1040/1040 354/1038/1038
f 349/1042/1042 347/1041/1041 353/1044/1044
f 353/1044/1044 351/1043/1043 349/1042/1042
f 350/1046/1046 354/1048/1048 348/1045/1045
f 354/1048/1048 350/1046/1046 352/1047/1047
o pillars
usemtl diffuse_255_255_255_255
v 124.83094787597656 0 309.82418823242188
v 124.83094787597656 300 309.82418823242188
v 144.83094787597656 0 309.82418823242188
v 144.83094787597656 300 309.82418823242188
v 144.83094787597656 0 289.82418823242188
v 144.83094787597656 300 289.82418823242188
v 124.83094787597656 0 289.82418823242188
v 124.83094787597656 300 289.82418823242188
vt 0 0
vt 0 1
vt 0.20833316445350647 0
vt 0.20833316445350647 1
vt 0.20833316445350647 0
vt 0.20833316445350647 1
vt 0.41666632890701294 0
vt 0.41666632890701294 1
vt 0.41666632890701294 0
vt 0.41666632890701294 1
vt 0.62499946355819702 0
vt 0.62499946355819702 1
vt 0.62499946355819702 0
vt 0.62499946355819702 1
vt 0.83333265781402588 0
vt 0.83333265781402588 1
vt 0.83333349227905273 0.066666670143604279
vt 1 0.066666670143604279
vt 1 0
vt 0.83333349227905273 0
vt 0.83333349227905273 0.93333333730697632
vt 1 0.93333333730697632
vt 1 1
vt 0.83333349227905273 1
vn 0 0 1
vn 0 0 1
vn 0 0 1
vn 0 0 1
vn 1 0 0
vn 1 0 0
vn 1 0 0
vn 1 0 0
vn 0 0 -1
vn 0 0 -1
vn 0 0 -1
vn 0 0 -1
vn -1 0 0
vn -1 0 0
vn -1 0 0
vn -1 0 0
vn 0 -1 0
vn 0 -1 0
vn 0 -1 0
vn 0 -1 0
vn 0 1 0
vn 0 1 0
vn 0 1 0
vn 0 1 0
f 355/1049/1049 357/1051/1051 358/1052/1052 356/1050/1050
f 357/1053/1053 359/1055/1055 360/1056/1056 358/1054/1054
f 359/1057/1057 361/1059/1059 362/1060/1060 360/1058/1058
f 361/1061/1061 355/1063/1063 356/1064/1064 362/1062/1062
f 357/1066/1066 355/1065/1065 361/1068/1068
f 361/1068/1068 359/1067/1067 357/1066/1066
f 358/1070/1070 362/1072/1072 356/1069/1069
f 362/1072/1072 358/1070/1070 360/1071/1071
o pillars
usemtl diffuse_255_255_255_255
v -145.16905212402344 0 309.82418823242188
v -145.16905212402344 300 309.82418823242188
v -125.16905212402344 0 309.82418823242188
v -125.16905212402344 300 309.82418823242188
v -125.16905212402344 0 289.82418823242188
v -125.16905212402344 300 289.82418823242188
v -145.16905212402344 0 289.82418823242188
v -145.16905212402344 300 289.82418823242188
vt 0 0
vt 0 1
vt 0.20833316445350647 0
vt 0.20833316445350647 1
vt 0.20833316445350647 0
vt 0.20833316445350647 1
vt 0.41666632890701294 0
vt 0.41666632890701294 1
vt 0.41666632890701294 0
vt 0.41666632890701294 1
vt 0.62499946355819702 0
vt 0.62499946355819702 1
vt 0.62499946355819702 0
vt 0.62499946355819702 1
vt 0.83333265781402588 0
vt 0.83333265781402588 1
vt 0.83333349227905273 0.066666670143604279
vt 1 0.066666670143604279
vt 1 0
vt 0.83333349227905273 0
vt 0.83333349227905273 0.93333333730697632
vt 1 0.93333333730697632
vt 1 1
vt 0.83333349227905273 1
vn 0 0 1
vn 0 0 1
vn 0 0 1
vn 0 0 1
vn 1 0 0
vn 1 0 0
vn 1 0 0
vn 1 0 0
vn 0 0 -1
vn 0 0 -1
vn 0 0 -1
vn 0 0 -1
vn -1 0 0
vn -1 0 0
vn -1 0 0
vn -1 0 0
vn 0 -1 0
vn 0 -1 0
vn 0 -1 0
vn 0 -1 0
vn 0 1 0
vn 0 1 0
vn 0 1 0
vn 0 1 0
f 363/1073/1073 365/1075/1075 366/1076/1076 364/1074/1074
f 365/1077/1077 367/1079/1079 368/1080/1080 366/1078/1078
f 367/1081/1081 369/1083/1083 370/1084/1084 368/1082/1082
f 369/1085/1085 363/1087/1087 364/1088/1088 370/1086/1086
f 365/1090/1090 363/1089/1089 369/1092/1092
f 369/1092/1092 367/1091/1091 365/1090/1090
f 366/1094/1094 370/1096/1096 364/1093/1093
f 370/1096/1096 366/1094/1094 368/1095/1095
o pillars
usemtl diffuse_255_255_255_255
v -145.16905212402344 0 89.824188232421875
v -145.16905212402344 300 89.824188232421875
v -125.16905212402344 0 89.824188232421875
v -125.16905212402344 300 89.824188232421875
v -125.16905212402344 0 69.824188232421875
v -125.16905212402344 300 69.824188232421875
v -145.16905212402344 0 69.824188232421875
v -145.16905212402344 300 69.824188232421875
vt 0 0
vt 0 1
vt 0.20833316445350647 0
vt 0.20833316445350647 1
vt 0.20833316445350647 0
vt 0.20833316445350647 1
vt 0.41666632890701294 0
vt 0.41666632890701294 1
vt 0.41666632890701294 0
vt 0.41666632890701294 1
vt 0.62499946355819702 0
vt 0.62499946355819702 1
vt 0.62499946355819702 0
vt 0.62499946355819702 1
vt 0.83333265781402588 0
vt 0.83333265781402588 1
vt 0.83333349227905273 0.066666670143604279
vt 1 0.066666670143604279
vt 1 0
vt 0.83333349227905273 0
vt 0.83333349227905273 0.93333333730697632
vt 1 0.93333333730697632
vt 1 1
vt 0.83333349227905273 1
vn 0 0 1
vn 0 0 1
vn 0 0 1
vn 0 0 1
vn 1 0 0
vn 1 0 0
vn 1 0 0
vn 1 0 0
vn 0 0 -1
vn 0 0 -1
vn 0 0 -1
vn 0 0 -1
vn -1 0 0
vn -1 0 0
vn -1 0 0
vn -1 0 0
vn 0 -1 0
vn 0 -1 0
vn 0 -1 0
vn 0 -1 0
vn 0 1 0
vn 0 1 0
vn 0 1 0
vn 0 1 0
f 371/1097/1097 373/1099/1099 374/1100/1100 372/1098/1098
f 373/1101/1101 375/1103/1103 376/1104/1104 374/1102/1102
f 375/1105/1105 377/1107/1107 378/1108/1108 376/1106/1106
f 377/1109/1109 371/1111/1111 372/1112/1112 378/1110/1110
f 373/1114/1114 371/1113/1113 377/1116/1116
f 377/1116/1116 375/1115/1115 373/1114/1114
f 374/1118/1118 378/1120/1120 372/1117/1117
f 378/1120/1120 374/1118/1118 376/1119/1119
o pillars
usemtl diffuse_255_255_255_255
v 124.83094787597656 0 89.824188232421875
v 124.83094787597656 300 89.824188232421875
v 144.83094787597656 0 89.824188232421875
v 144.83094787597656 300 89.824188232421875
v 144.83094787597656 0 69.824188232421875
v 144.83094787597656 300 69.824188232421875
v 124.83094787597656 0 69.824188232421875
v 124.83094787597656 300 69.824188232421875
vt 0 0
vt 0 1
vt 0.20833316445350647 0
vt 0.20833316445350647 1
vt 0.20833316445350647 0
vt 0.20833316445350647 1
vt 0.41666632890701294 0
vt 0.41666632890701294 1
vt 0.41666632890701294 0
vt 0.41666632890701294 1
vt 0.62499946355819702 0
vt 0.62499946355819702 1
vt 0.62499946355819702 0
vt 0.62499946355819702 1
vt 0.83333265781402588 0
vt 0.83333265781402588 1
vt 0.83333349227905273 0.066666670143604279
vt 1 0.066666670143604279
vt 1 0
vt 0.83333349227905273 0
vt 0.83333349227905273 0.93333333730697632
vt 1 0.93333333730697632
vt 1 1
vt 0.83333349227905273 1
vn 0 0 1
vn 0 0 1
vn 0 0 1
vn 0 0 1
vn 1 0 0
vn 1 0 0
vn 1 0 0
vn 1 0 0
vn 0 0 -1
vn 0 0 -1
vn 0 0 -1
vn 0 0 -1
vn -1 0 0
vn -1 0 0
vn -1 0 0
vn -1 0 0
vn 0 -1 0
vn 0 -1 0
vn 0 -1 0
vn 0 -1 0
vn 0 1 0
vn 0 1 0
vn 0 1 0
vn 0 1 0
f 379/1121/1121 381/1123/1123 382/1124/1124 380/1122/1122
f 381/1125/1125 383/1127/1127 384/1128/1128 382/1126/1126
f 383/1129/1129 385/1131/1131 386/1132/1132 384/1130/1130
f 385/1133/1133 379/1135/1135 380/1136/1136 386/1134/1134
f 381/1138/1138 379/1137/1137 385/1140/1140
f 385/1140/1140 383/1139/1139 381/1138/1138
f 382/1142/1142 386/1144/1144 380/1141/1141
f 386/1144/1144 382/1142/1142 384/1143/1143
g insidewalls
o inside walls
usemtl diffuse_0_0_255_255
v -381.2615966796875 0 -336.69561767578125
v -381.2615966796875 270 -336.69561767578125
v -581.2615966796875 0 -916.69561767578125
v -581.2615966796875 270 -916.69561767578125
v -600.1690673828125 0 -910.17584228515625
v -600.1690673828125 270 -910.17584228515625
v -400.1690673828125 0 -330.17581176757813
v -400.1690673828125 270 -330.17581176757813
vt 0 0
vt 0 0.93548297882080078
vt 0.48421505093574524 0
vt 0.48421505093574524 0.93548297882080078
vt 0.48421505093574524 0
vt 0.48421505093574524 0.93548297882080078
vt 0.5 0
vt 0.5 0.93548297882080078
vt 0.5 0
vt 0.5 0.93548297882080078
vt 0.98421502113342285 0
vt 0.98421502113342285 0.93548297882080078
vt 0.98421502113342285 0
vt 0.98421502113342285 0.93548297882080078
vt 1 0
vt 1 0.93548297882080078
vt 0 1
vt 0.48421505093574524 1
vt 0.48421505093574524 0.93548393249511719
vt 0 0.93548393249511719
vt 0.51578497886657715 0.93548393249511719
vt 1 0.93548393249511719
vt 1 1
vt 0.51578497886657715 1
vn 0.94537299871444702 0 -0.32599067687988281
vn 0.94537299871444702 0 -0.32599067687988281
vn 0.94537299871444702 0 -0.32599067687988281
vn 0.94537299871444702 0 -0.32599067687988281
vn -0.32599067687988281 0 -0.94537299871444702
vn -0.32599067687988281 0 -0.94537299871444702
vn -0.32599067687988281 0 -0.94537299871444702
vn -0.32599067687988281 0 -0.94537299871444702
vn -0.94537299871444702 0 0.32599067687988281
vn -0.94537299871444702 0 0.32599067687988281
vn -0.94537299871444702 0 0.32599067687988281
vn -0.94537299871444702 0 0.32599067687988281
vn 0.32599067687988281 0 0.94537299871444702
vn 0.32599067687988281 0 0.94537299871444702
vn 0.32599067687988281 0 0.94537299871444702
vn 0.32599067687988281 0 0.94537299871444702
vn 0 -1 0
vn 0 -1 0
vn 0 -1 0
vn 0 -1 0
vn 0 1 0
vn 0 1 0
vn 0 1 0
vn 0 1 0
f 387/1145/1145 389/1147/1147 390/1148/1148 388/1146/1146
f 389/1149/1149 391/1151/1151 392/1152/1152 390/1150/1150
f 391/1153/1153 393/1155/1155 394/1156/1156 392/1154/1154
f 393/1157/1157 387/1159/1159 388/1160/1160 394/1158/1158
f 391/1163/1163 387/1161/1161 393/1164/1164
f 387/1161/1161 391/1163/1163 389/1162/1162
f 392/1167/1167 394/1168/1168 388/1165/1165
f 388/1165/1165 390/1166/1166 392/1167/1167
o inside walls
usemtl diffuse_0_0_255_255
v 399.8309326171875 0 -330.17581176757813
v 399.8309326171875 270 -330.17581176757813
v 599.8309326171875 0 -910.17584228515625
v 599.8309326171875 270 -910.17584228515625
v 580.9234619140625 0 -916.69561767578125
v 580.9234619140625 270 -916.69561767578125
v 380.92349243164063 0 -336.69561767578125
v 380.92349243164063 270 -336.69561767578125
vt 0 0
vt 0 0.93548297882080078
vt 0.48421505093574524 0
vt 0.48421505093574524 0.93548297882080078
vt 0.48421505093574524 0
vt 0.48421505093574524 0.93548297882080078
vt 0.5 0
vt 0.5 0.93548297882080078
vt 0.5 0
vt 0.5 0.93548297882080078
vt 0.98421502113342285 0
vt 0.98421502113342285 0.93548297882080078
vt 0.98421502113342285 0
vt 0.98421502113342285 0.93548297882080078
vt 1 0
vt 1 0.93548297882080078
vt 0 1
vt 0.48421505093574524 1
vt 0.48421505093574524 0.93548393249511719
vt 0 0.93548393249511719
vt 0.51578497886657715 0.93548393249511719
vt 1 0.93548393249511719
vt 1 1
vt 0.51578497886657715 1
vn 0.94537299871444702 0 0.32599067687988281
vn 0.94537299871444702 0 0.32599067687988281
vn 0.94537299871444702 0 0.32599067687988281
vn 0.94537299871444702 0 0.32599067687988281
vn 0.32599067687988281 0 -0.94537299871444702
vn 0.32599067687988281 0 -0.94537299871444702
vn 0.32599067687988281 0 -0.94537299871444702
vn 0.32599067687988281 0 -0.94537299871444702
vn -0.94537299871444702 0 -0.32599067687988281
vn -0.94537299871444702 0 -0.32599067687988281
vn -0.94537299871444702 0 -0.32599067687988281
vn -0.94537299871444702 0 -0.32599067687988281
vn -0.32599067687988281 0 0.94537299871444702
vn -0.32599067687988281 0 0.94537299871444702
vn -0.32599067687988281 0 0.94537299871444702
vn -0.32599067687988281 0 0.94537299871444702
vn 0 -1 0
vn 0 -1 0
vn 0 -1 0
vn 0 -1 0
vn 0 1 0
vn 0 1 0
vn 0 1 0
vn 0 1 0
f 395/1169/1169 397/1171/1171 398/1172/1172 396/1170/1170
f 397/1173/1173 399/1175/1175 400/1176/1176 398/1174/1174
f 399/1177/1177 401/1179/1179 402/1180/1180 400/1178/1178
f 401/1181/1181 395/1183/1183 396/1184/1184 402/1182/1182
f 397/1186/1186 395/1185/1185 401/1188/1188
f 401/1188/1188 399/1187/1187 397/1186/1186
f 398/1190/1190 402/1192/1192 396/1189/1189
f 402/1192/1192 398/1190/1190 400/1191/1191
o inside walls
usemtl diffuse_0_0_255_255
v -200.16905212402344 0 -460.17581176757813
v -200.16905212402344 270 -460.17581176757813
v 199.83094787597656 0 -460.17581176757813
v 199.83094787597656 270 -460.17581176757813
v 199.83094787597656 0 -480.17581176757813
v 199.83094787597656 270 -480.17581176757813
v -200.16905212402344 0 -480.17581176757813
v -200.16905212402344 270 -480.17581176757813
vt 0 0
vt 0 0.93548297882080078
vt 0.4761904776096344 0
vt 0.4761904776096344 0.93548297882080078
vt 0.4761904776096344 0
vt 0.4761904776096344 0.93548297882080078
vt 0.5 0
vt 0.5 0.93548297882080078
vt 0.5 0
vt 0.5 0.93548297882080078
vt 0.97619044780731201 0
vt 0.97619044780731201 0.93548297882080078
vt 0.97619044780731201 0
vt 0.97619044780731201 0.93548297882080078
vt 1 0
vt 1 0.93548297882080078
vt 0 1
vt 0.4761904776096344 1
vt 0.4761904776096344 0.93548393249511719
vt 0 0.93548393249511719
vt 0.52380955219268799 0.93548393249511719
vt 1 0.93548393249511719
vt 1 1
vt 0.52380955219268799 1
vn 0 0 1
vn 0 0 1
vn 0 0 1
vn 0 0 1
vn 1 0 0
vn 1 0 0
vn 1 0 0
vn 1 0 0
vn 0 0 -1
vn 0 0 -1
vn 0 0 -1
vn 0 0 -1
vn -1 0 0
vn -1 0 0
vn -1 0 0
vn -1 0 0
vn 0 -1 0
vn 0 -1 0
vn 0 -1 0
vn 0 -1 0
vn 0 1 0
vn 0 1 0
vn 0 1 0
vn 0 1 0
f 403/1193/1193 405/1195/1195 406/1196/1196 404/1194/1194
f 405/1197/1197 407/1199/1199 408/1200/1200 406/1198/1198
f 407/1201/1201 409/1203/1203 410/1204/1204 408/1202/1202
f 409/1205/1205 403/1207/1207 404/1208/1208 410/1206/1206
f 405/1210/1210 403/1209/1209 409/1212/1212
f 409/1212/1212 407/1211/1211 405/1210/1210
f 406/1214/1214 410/1216/1216 404/1213/1213
f 410/1216/1216 406/1214/1214 408/1215/1215
